,id,created_at,updated_at,created_by,updated_by,is_deleted,deleted_by,deleted_at,restored_at,restored_by,division,profit_center,work_day,smooth_family,cycle_time,workdata_id,owner,product_id,version,planning_approval_id
0,1049823,2023-01-11 12:52:12.615873,2023-01-11 12:52:12.615873,Marwa,Marwa,False,,2023-01-11 12:52:12.615873,2023-01-11 12:52:12.615873,Marwa,15,105,2022-12-19,1,10.72,4422,officiel,25,2,143
1,1049824,2023-01-11 12:52:12.647961,2023-01-11 12:52:12.647961,Marwa,Marwa,False,,2023-01-11 12:52:12.647961,2023-01-11 12:52:12.647961,Marwa,15,105,2022-12-20,1,10.72,4423,officiel,25,2,143
2,1049825,2023-01-11 12:52:12.651962,2023-01-11 12:52:12.651962,Marwa,Marwa,False,,2023-01-11 12:52:12.651962,2023-01-11 12:52:12.651962,Marwa,15,105,2022-12-21,1,10.72,4424,officiel,25,2,143
3,1049826,2023-01-11 12:52:12.655963,2023-01-11 12:52:12.655963,Marwa,Marwa,False,,2023-01-11 12:52:12.656961,2023-01-11 12:52:12.656961,Marwa,15,105,2022-12-22,1,10.72,4425,officiel,25,2,143
4,1049827,2023-01-11 12:52:12.661962,2023-01-11 12:52:12.661962,Marwa,Marwa,False,,2023-01-11 12:52:12.661962,2023-01-11 12:52:12.661962,Marwa,15,105,2022-12-23,1,10.72,4426,officiel,25,2,143
5,1049828,2023-01-11 12:52:12.667961,2023-01-11 12:52:12.667961,Marwa,Marwa,False,,2023-01-11 12:52:12.667961,2023-01-11 12:52:12.667961,Marwa,15,105,2023-01-02,1,10.72,4427,officiel,25,2,143
6,1049829,2023-01-11 12:52:12.671964,2023-01-11 12:52:12.671964,Marwa,Marwa,False,,2023-01-11 12:52:12.671964,2023-01-11 12:52:12.671964,Marwa,15,105,2023-01-03,1,10.72,4428,officiel,25,2,143
7,1049830,2023-01-11 12:52:12.677962,2023-01-11 12:52:12.677962,Marwa,Marwa,False,,2023-01-11 12:52:12.677962,2023-01-11 12:52:12.677962,Marwa,15,105,2023-01-04,1,10.72,4429,officiel,25,2,143
8,1049831,2023-01-11 12:52:12.682964,2023-01-11 12:52:12.682964,Marwa,Marwa,False,,2023-01-11 12:52:12.682964,2023-01-11 12:52:12.682964,Marwa,15,105,2023-01-05,1,10.72,4430,officiel,25,2,143
9,1049832,2023-01-11 12:52:12.685963,2023-01-11 12:52:12.685963,Marwa,Marwa,False,,2023-01-11 12:52:12.686963,2023-01-11 12:52:12.686963,Marwa,15,105,2023-01-06,1,10.72,4431,officiel,25,2,143
10,1049833,2023-01-11 12:52:12.694964,2023-01-11 12:52:12.694964,Marwa,Marwa,False,,2023-01-11 12:52:12.694964,2023-01-11 12:52:12.694964,Marwa,15,105,2023-01-09,1,10.72,4432,officiel,25,2,143
11,1049834,2023-01-11 12:52:12.698964,2023-01-11 12:52:12.698964,Marwa,Marwa,False,,2023-01-11 12:52:12.698964,2023-01-11 12:52:12.698964,Marwa,15,105,2023-01-10,1,10.72,4433,officiel,25,2,143
12,1049835,2023-01-11 12:52:12.702963,2023-01-11 12:52:12.702963,Marwa,Marwa,False,,2023-01-11 12:52:12.702963,2023-01-11 12:52:12.702963,Marwa,15,105,2023-01-11,1,10.72,4434,officiel,25,2,143
13,1049836,2023-01-11 12:52:12.707964,2023-01-11 12:52:12.707964,Marwa,Marwa,False,,2023-01-11 12:52:12.707964,2023-01-11 12:52:12.707964,Marwa,15,105,2023-01-12,1,10.72,4435,officiel,25,2,143
14,1049837,2023-01-11 12:52:12.714043,2023-01-11 12:52:12.714043,Marwa,Marwa,False,,2023-01-11 12:52:12.714043,2023-01-11 12:52:12.714043,Marwa,15,105,2023-01-13,1,10.72,4436,officiel,25,2,143
15,1049838,2023-01-11 12:52:12.722046,2023-01-11 12:52:12.722046,Marwa,Marwa,False,,2023-01-11 12:52:12.722046,2023-01-11 12:52:12.722046,Marwa,15,105,2023-01-16,1,10.72,4437,officiel,25,2,143
16,1049839,2023-01-11 12:52:12.726964,2023-01-11 12:52:12.726964,Marwa,Marwa,False,,2023-01-11 12:52:12.726964,2023-01-11 12:52:12.726964,Marwa,15,105,2023-01-17,1,10.72,4438,officiel,25,2,143
17,1049840,2023-01-11 12:52:12.730963,2023-01-11 12:52:12.730963,Marwa,Marwa,False,,2023-01-11 12:52:12.730963,2023-01-11 12:52:12.730963,Marwa,15,105,2023-01-18,1,10.72,4439,officiel,25,2,143
18,1049841,2023-01-11 12:52:12.734963,2023-01-11 12:52:12.734963,Marwa,Marwa,False,,2023-01-11 12:52:12.734963,2023-01-11 12:52:12.734963,Marwa,15,105,2023-01-19,1,10.72,4440,officiel,25,2,143
19,1049842,2023-01-11 12:52:12.738964,2023-01-11 12:52:12.738964,Marwa,Marwa,False,,2023-01-11 12:52:12.738964,2023-01-11 12:52:12.738964,Marwa,15,105,2023-01-20,1,10.72,4441,officiel,25,2,143
20,1049843,2023-01-11 12:52:12.745962,2023-01-11 12:52:12.745962,Marwa,Marwa,False,,2023-01-11 12:52:12.745962,2023-01-11 12:52:12.745962,Marwa,15,105,2023-01-23,1,10.72,4442,officiel,25,2,143
21,1049844,2023-01-11 12:52:12.749963,2023-01-11 12:52:12.749963,Marwa,Marwa,False,,2023-01-11 12:52:12.749963,2023-01-11 12:52:12.749963,Marwa,15,105,2023-01-24,1,10.72,4443,officiel,25,2,143
22,1049845,2023-01-11 12:52:12.754010,2023-01-11 12:52:12.754010,Marwa,Marwa,False,,2023-01-11 12:52:12.754010,2023-01-11 12:52:12.754010,Marwa,15,105,2023-01-25,1,10.72,4444,officiel,25,2,143
23,1049846,2023-01-11 12:52:12.761030,2023-01-11 12:52:12.761030,Marwa,Marwa,False,,2023-01-11 12:52:12.761030,2023-01-11 12:52:12.761030,Marwa,15,105,2023-01-26,1,10.72,4445,officiel,25,2,143
24,1049847,2023-01-11 12:52:12.765963,2023-01-11 12:52:12.765963,Marwa,Marwa,False,,2023-01-11 12:52:12.765963,2023-01-11 12:52:12.765963,Marwa,15,105,2023-01-27,1,10.72,4446,officiel,25,2,143
25,1049848,2023-01-11 12:52:12.771963,2023-01-11 12:52:12.771963,Marwa,Marwa,False,,2023-01-11 12:52:12.771963,2023-01-11 12:52:12.771963,Marwa,15,105,2023-02-01,1,10.72,4449,officiel,25,2,143
26,1049849,2023-01-11 12:52:12.778965,2023-01-11 12:52:12.778965,Marwa,Marwa,False,,2023-01-11 12:52:12.778965,2023-01-11 12:52:12.778965,Marwa,15,105,2023-02-02,1,10.72,4450,officiel,25,2,143
27,1049850,2023-01-11 12:52:12.783963,2023-01-11 12:52:12.783963,Marwa,Marwa,False,,2023-01-11 12:52:12.783963,2023-01-11 12:52:12.783963,Marwa,15,105,2023-02-03,1,10.72,4451,officiel,25,2,143
28,1049851,2023-01-11 12:52:12.787961,2023-01-11 12:52:12.787961,Marwa,Marwa,False,,2023-01-11 12:52:12.787961,2023-01-11 12:52:12.787961,Marwa,15,105,2023-01-31,1,10.72,4448,officiel,25,2,143
29,1049852,2023-01-11 12:52:12.793961,2023-01-11 12:52:12.793961,Marwa,Marwa,False,,2023-01-11 12:52:12.793961,2023-01-11 12:52:12.793961,Marwa,15,105,2023-01-30,1,10.72,4447,officiel,25,2,143
30,1049853,2023-01-11 12:52:12.799963,2023-01-11 12:52:12.799963,Marwa,Marwa,False,,2023-01-11 12:52:12.799963,2023-01-11 12:52:12.799963,Marwa,15,105,2023-02-06,1,10.72,4452,officiel,25,2,143
31,1049854,2023-01-11 12:52:12.804962,2023-01-11 12:52:12.804962,Marwa,Marwa,False,,2023-01-11 12:52:12.804962,2023-01-11 12:52:12.804962,Marwa,15,105,2023-02-07,1,10.72,4453,officiel,25,2,143
32,1049855,2023-01-11 12:52:12.809962,2023-01-11 12:52:12.809962,Marwa,Marwa,False,,2023-01-11 12:52:12.809962,2023-01-11 12:52:12.809962,Marwa,15,105,2023-02-08,1,10.72,4454,officiel,25,2,143
33,1049856,2023-01-11 12:52:12.814962,2023-01-11 12:52:12.814962,Marwa,Marwa,False,,2023-01-11 12:52:12.814962,2023-01-11 12:52:12.814962,Marwa,15,105,2023-02-09,1,10.72,4455,officiel,25,2,143
34,1049857,2023-01-11 12:52:12.818963,2023-01-11 12:52:12.818963,Marwa,Marwa,False,,2023-01-11 12:52:12.818963,2023-01-11 12:52:12.818963,Marwa,15,105,2023-02-10,1,10.72,4456,officiel,25,2,143
35,1049858,2023-01-11 12:52:12.828962,2023-01-11 12:52:12.828962,Marwa,Marwa,False,,2023-01-11 12:52:12.828962,2023-01-11 12:52:12.828962,Marwa,15,105,2023-02-13,1,10.72,4688,officiel,25,2,143
36,1049859,2023-01-11 12:52:12.834963,2023-01-11 12:52:12.834963,Marwa,Marwa,False,,2023-01-11 12:52:12.834963,2023-01-11 12:52:12.834963,Marwa,15,105,2023-02-14,1,10.72,4689,officiel,25,2,143
37,1049860,2023-01-11 12:52:12.840962,2023-01-11 12:52:12.840962,Marwa,Marwa,False,,2023-01-11 12:52:12.841977,2023-01-11 12:52:12.841977,Marwa,15,105,2023-02-15,1,10.72,4690,officiel,25,2,143
38,1049861,2023-01-11 12:52:12.847963,2023-01-11 12:52:12.847963,Marwa,Marwa,False,,2023-01-11 12:52:12.847963,2023-01-11 12:52:12.847963,Marwa,15,105,2023-02-16,1,10.72,4691,officiel,25,2,143
39,1049862,2023-01-11 12:52:12.852145,2023-01-11 12:52:12.852145,Marwa,Marwa,False,,2023-01-11 12:52:12.852145,2023-01-11 12:52:12.852145,Marwa,15,105,2023-02-17,1,10.72,4692,officiel,25,2,143
40,1049863,2023-01-11 12:52:12.857144,2023-01-11 12:52:12.857144,Marwa,Marwa,False,,2023-01-11 12:52:12.857144,2023-01-11 12:52:12.857144,Marwa,15,105,2023-02-20,1,10.72,4457,officiel,25,2,143
41,1049864,2023-01-11 12:52:12.861272,2023-01-11 12:52:12.861272,Marwa,Marwa,False,,2023-01-11 12:52:12.861272,2023-01-11 12:52:12.861272,Marwa,15,105,2023-02-21,1,10.72,4458,officiel,25,2,143
42,1049865,2023-01-11 12:52:12.865304,2023-01-11 12:52:12.865304,Marwa,Marwa,False,,2023-01-11 12:52:12.865304,2023-01-11 12:52:12.865304,Marwa,15,105,2023-02-22,1,10.72,4459,officiel,25,2,143
43,1049866,2023-01-11 12:52:12.869306,2023-01-11 12:52:12.869306,Marwa,Marwa,False,,2023-01-11 12:52:12.869306,2023-01-11 12:52:12.869306,Marwa,15,105,2023-02-23,1,10.72,4460,officiel,25,2,143
44,1049867,2023-01-11 12:52:12.874304,2023-01-11 12:52:12.874304,Marwa,Marwa,False,,2023-01-11 12:52:12.874304,2023-01-11 12:52:12.874304,Marwa,15,105,2023-02-24,1,10.72,4461,officiel,25,2,143
45,1049868,2023-01-11 12:52:12.881246,2023-01-11 12:52:12.881246,Marwa,Marwa,False,,2023-01-11 12:52:12.881246,2023-01-11 12:52:12.881246,Marwa,15,105,2023-02-27,1,10.72,4464,officiel,25,2,143
46,1049869,2023-01-11 12:52:12.890245,2023-01-11 12:52:12.890245,Marwa,Marwa,False,,2023-01-11 12:52:12.890245,2023-01-11 12:52:12.890245,Marwa,15,105,2023-02-28,1,10.72,4465,officiel,25,2,143
47,1049870,2023-01-11 12:52:12.896286,2023-01-11 12:52:12.896286,Marwa,Marwa,False,,2023-01-11 12:52:12.896286,2023-01-11 12:52:12.896286,Marwa,15,105,2023-03-01,1,10.72,4466,officiel,25,2,143
48,1049871,2023-01-11 12:52:12.900291,2023-01-11 12:52:12.900291,Marwa,Marwa,False,,2023-01-11 12:52:12.900291,2023-01-11 12:52:12.900291,Marwa,15,105,2023-03-02,1,10.72,4467,officiel,25,2,143
49,1049872,2023-01-11 12:52:12.905327,2023-01-11 12:52:12.905327,Marwa,Marwa,False,,2023-01-11 12:52:12.905327,2023-01-11 12:52:12.905327,Marwa,15,105,2023-03-03,1,10.72,4468,officiel,25,2,143
50,1049873,2023-01-11 12:52:12.912288,2023-01-11 12:52:12.912288,Marwa,Marwa,False,,2023-01-11 12:52:12.912288,2023-01-11 12:52:12.912288,Marwa,15,105,2023-03-06,1,10.72,4469,officiel,25,2,143
51,1049874,2023-01-11 12:52:12.918246,2023-01-11 12:52:12.918246,Marwa,Marwa,False,,2023-01-11 12:52:12.918246,2023-01-11 12:52:12.918246,Marwa,15,105,2023-03-07,1,10.72,4470,officiel,25,2,143
52,1049875,2023-01-11 12:52:12.922299,2023-01-11 12:52:12.922299,Marwa,Marwa,False,,2023-01-11 12:52:12.923329,2023-01-11 12:52:12.923329,Marwa,15,105,2023-03-08,1,10.72,4471,officiel,25,2,143
53,1049876,2023-01-11 12:52:12.928306,2023-01-11 12:52:12.928306,Marwa,Marwa,False,,2023-01-11 12:52:12.928306,2023-01-11 12:52:12.928306,Marwa,15,105,2023-03-09,1,10.72,4472,officiel,25,2,143
54,1049877,2023-01-11 12:52:12.933329,2023-01-11 12:52:12.933329,Marwa,Marwa,False,,2023-01-11 12:52:12.933329,2023-01-11 12:52:12.933329,Marwa,15,105,2023-03-10,1,10.72,4473,officiel,25,2,143
55,1049878,2023-01-11 12:52:12.939294,2023-01-11 12:52:12.939294,Marwa,Marwa,False,,2023-01-11 12:52:12.939294,2023-01-11 12:52:12.939294,Marwa,15,105,2023-03-13,1,10.72,4474,officiel,25,2,143
56,1049879,2023-01-11 12:52:12.944245,2023-01-11 12:52:12.944245,Marwa,Marwa,False,,2023-01-11 12:52:12.944245,2023-01-11 12:52:12.944245,Marwa,15,105,2023-03-14,1,10.72,4475,officiel,25,2,143
57,1049880,2023-01-11 12:52:12.949246,2023-01-11 12:52:12.949246,Marwa,Marwa,False,,2023-01-11 12:52:12.949246,2023-01-11 12:52:12.949246,Marwa,15,105,2023-03-15,1,10.72,4476,officiel,25,2,143
58,1049881,2023-01-11 12:52:12.953333,2023-01-11 12:52:12.953333,Marwa,Marwa,False,,2023-01-11 12:52:12.953333,2023-01-11 12:52:12.953333,Marwa,15,105,2023-03-16,1,10.72,4477,officiel,25,2,143
59,1049882,2023-01-11 12:52:12.957246,2023-01-11 12:52:12.957246,Marwa,Marwa,False,,2023-01-11 12:52:12.957246,2023-01-11 12:52:12.957246,Marwa,15,105,2023-03-17,1,10.72,4478,officiel,25,2,143
60,1049883,2023-01-11 12:52:12.965246,2023-01-11 12:52:12.965246,Marwa,Marwa,False,,2023-01-11 12:52:12.965246,2023-01-11 12:52:12.965246,Marwa,15,105,2023-03-21,1,10.72,4479,officiel,25,2,143
61,1049884,2023-01-11 12:52:12.971245,2023-01-11 12:52:12.971245,Marwa,Marwa,False,,2023-01-11 12:52:12.971245,2023-01-11 12:52:12.971245,Marwa,15,105,2023-03-22,1,10.72,4480,officiel,25,2,143
62,1049885,2023-01-11 12:52:12.978245,2023-01-11 12:52:12.978245,Marwa,Marwa,False,,2023-01-11 12:52:12.978245,2023-01-11 12:52:12.978245,Marwa,15,105,2023-03-23,1,10.72,4481,officiel,25,2,143
63,1049886,2023-01-11 12:52:12.983246,2023-01-11 12:52:12.983246,Marwa,Marwa,False,,2023-01-11 12:52:12.983246,2023-01-11 12:52:12.983246,Marwa,15,105,2023-03-24,1,10.72,4482,officiel,25,2,143
64,1049887,2023-01-11 12:52:12.989245,2023-01-11 12:52:12.989245,Marwa,Marwa,False,,2023-01-11 12:52:12.989245,2023-01-11 12:52:12.989245,Marwa,15,105,2023-03-27,1,10.72,4483,officiel,25,2,143
65,1049888,2023-01-11 12:52:12.995245,2023-01-11 12:52:12.995245,Marwa,Marwa,False,,2023-01-11 12:52:12.995245,2023-01-11 12:52:12.995245,Marwa,15,105,2023-03-28,1,10.72,4484,officiel,25,2,143
66,1049889,2023-01-11 12:52:13.000245,2023-01-11 12:52:13.000245,Marwa,Marwa,False,,2023-01-11 12:52:13.000245,2023-01-11 12:52:13.000245,Marwa,15,105,2023-03-29,1,10.72,4485,officiel,25,2,143
67,1049890,2023-01-11 12:52:13.005245,2023-01-11 12:52:13.005245,Marwa,Marwa,False,,2023-01-11 12:52:13.005245,2023-01-11 12:52:13.005245,Marwa,15,105,2023-03-30,1,10.72,4486,officiel,25,2,143
68,1049891,2023-01-11 12:52:13.009245,2023-01-11 12:52:13.009245,Marwa,Marwa,False,,2023-01-11 12:52:13.009245,2023-01-11 12:52:13.009245,Marwa,15,105,2023-03-31,1,10.72,4487,officiel,25,2,143
69,1049892,2023-01-11 12:52:13.016245,2023-01-11 12:52:13.016245,Marwa,Marwa,False,,2023-01-11 12:52:13.016245,2023-01-11 12:52:13.016245,Marwa,15,105,2023-04-03,1,10.72,4493,officiel,25,2,143
70,1049893,2023-01-11 12:52:13.020245,2023-01-11 12:52:13.020245,Marwa,Marwa,False,,2023-01-11 12:52:13.020245,2023-01-11 12:52:13.020245,Marwa,15,105,2023-04-04,1,10.72,4494,officiel,25,2,143
71,1049894,2023-01-11 12:52:13.026246,2023-01-11 12:52:13.026246,Marwa,Marwa,False,,2023-01-11 12:52:13.026246,2023-01-11 12:52:13.026246,Marwa,15,105,2023-04-05,1,10.72,4495,officiel,25,2,143
72,1049895,2023-01-11 12:52:13.031245,2023-01-11 12:52:13.031245,Marwa,Marwa,False,,2023-01-11 12:52:13.031245,2023-01-11 12:52:13.031245,Marwa,15,105,2023-04-06,1,10.72,4496,officiel,25,2,143
73,1049896,2023-01-11 12:52:13.036245,2023-01-11 12:52:13.036245,Marwa,Marwa,False,,2023-01-11 12:52:13.036245,2023-01-11 12:52:13.036245,Marwa,15,105,2023-04-07,1,10.72,4497,officiel,25,2,143
74,1049897,2023-01-11 12:52:13.045247,2023-01-11 12:52:13.045247,Marwa,Marwa,False,,2023-01-11 12:52:13.045247,2023-01-11 12:52:13.045247,Marwa,15,105,2023-04-10,1,10.72,4498,officiel,25,2,143
75,1049898,2023-01-11 12:52:13.050245,2023-01-11 12:52:13.050245,Marwa,Marwa,False,,2023-01-11 12:52:13.050245,2023-01-11 12:52:13.050245,Marwa,15,105,2023-04-11,1,10.72,4499,officiel,25,2,143
76,1049899,2023-01-11 12:52:13.054259,2023-01-11 12:52:13.054259,Marwa,Marwa,False,,2023-01-11 12:52:13.054259,2023-01-11 12:52:13.054259,Marwa,15,105,2023-04-12,1,10.72,4500,officiel,25,2,143
77,1049900,2023-01-11 12:52:13.061245,2023-01-11 12:52:13.061245,Marwa,Marwa,False,,2023-01-11 12:52:13.061245,2023-01-11 12:52:13.061245,Marwa,15,105,2023-04-13,1,10.72,4501,officiel,25,2,143
78,1049901,2023-01-11 12:52:13.065246,2023-01-11 12:52:13.065246,Marwa,Marwa,False,,2023-01-11 12:52:13.065246,2023-01-11 12:52:13.065246,Marwa,15,105,2023-04-14,1,10.72,4502,officiel,25,2,143
79,1049902,2023-01-11 12:52:13.070289,2023-01-11 12:52:13.070289,Marwa,Marwa,False,,2023-01-11 12:52:13.070289,2023-01-11 12:52:13.070289,Marwa,15,105,2023-04-17,1,10.72,4506,officiel,25,2,143
80,1049903,2023-01-11 12:52:13.075289,2023-01-11 12:52:13.075289,Marwa,Marwa,False,,2023-01-11 12:52:13.075289,2023-01-11 12:52:13.075289,Marwa,15,105,2023-04-18,1,10.72,4507,officiel,25,2,143
81,1049904,2023-01-11 12:52:13.079247,2023-01-11 12:52:13.079247,Marwa,Marwa,False,,2023-01-11 12:52:13.079247,2023-01-11 12:52:13.079247,Marwa,15,105,2023-04-19,1,10.72,4508,officiel,25,2,143
82,1049905,2023-01-11 12:52:13.084328,2023-01-11 12:52:13.084328,Marwa,Marwa,False,,2023-01-11 12:52:13.084328,2023-01-11 12:52:13.084328,Marwa,15,105,2023-04-24,1,10.72,4509,officiel,25,2,143
83,1049906,2023-01-11 12:52:13.088326,2023-01-11 12:52:13.088326,Marwa,Marwa,False,,2023-01-11 12:52:13.088326,2023-01-11 12:52:13.088326,Marwa,15,105,2023-04-25,1,10.72,4510,officiel,25,2,143
84,1049907,2023-01-11 12:52:13.095326,2023-01-11 12:52:13.095326,Marwa,Marwa,False,,2023-01-11 12:52:13.095326,2023-01-11 12:52:13.095326,Marwa,15,105,2023-04-26,1,10.72,4511,officiel,25,2,143
85,1049908,2023-01-11 12:52:13.099289,2023-01-11 12:52:13.099289,Marwa,Marwa,False,,2023-01-11 12:52:13.099289,2023-01-11 12:52:13.099289,Marwa,15,105,2023-04-27,1,10.72,4512,officiel,25,2,143
86,1049909,2023-01-11 12:52:13.103337,2023-01-11 12:52:13.103337,Marwa,Marwa,False,,2023-01-11 12:52:13.103337,2023-01-11 12:52:13.103337,Marwa,15,105,2023-04-28,1,10.72,4513,officiel,25,2,143
87,1049910,2023-01-11 12:52:13.111331,2023-01-11 12:52:13.111331,Marwa,Marwa,False,,2023-01-11 12:52:13.112327,2023-01-11 12:52:13.112327,Marwa,15,105,2023-05-02,1,10.72,4518,officiel,25,2,143
88,1049911,2023-01-11 12:52:13.116245,2023-01-11 12:52:13.116245,Marwa,Marwa,False,,2023-01-11 12:52:13.116245,2023-01-11 12:52:13.116245,Marwa,15,105,2023-05-03,1,10.72,4519,officiel,25,2,143
89,1049912,2023-01-11 12:52:13.120245,2023-01-11 12:52:13.120245,Marwa,Marwa,False,,2023-01-11 12:52:13.120245,2023-01-11 12:52:13.120245,Marwa,15,105,2023-05-04,1,10.72,4520,officiel,25,2,143
90,1049913,2023-01-11 12:52:13.125331,2023-01-11 12:52:13.125331,Marwa,Marwa,False,,2023-01-11 12:52:13.125331,2023-01-11 12:52:13.125331,Marwa,15,105,2023-05-05,1,10.72,4521,officiel,25,2,143
91,1049914,2023-01-11 12:52:13.131246,2023-01-11 12:52:13.131246,Marwa,Marwa,False,,2023-01-11 12:52:13.131246,2023-01-11 12:52:13.131246,Marwa,15,105,2023-05-08,1,10.72,4522,officiel,25,2,143
92,1049915,2023-01-11 12:52:13.135245,2023-01-11 12:52:13.135245,Marwa,Marwa,False,,2023-01-11 12:52:13.135245,2023-01-11 12:52:13.135245,Marwa,15,105,2023-05-09,1,10.72,4523,officiel,25,2,143
93,1049916,2023-01-11 12:52:13.139244,2023-01-11 12:52:13.139244,Marwa,Marwa,False,,2023-01-11 12:52:13.139244,2023-01-11 12:52:13.139244,Marwa,15,105,2023-05-10,1,10.72,4524,officiel,25,2,143
94,1049917,2023-01-11 12:52:13.144244,2023-01-11 12:52:13.144244,Marwa,Marwa,False,,2023-01-11 12:52:13.144244,2023-01-11 12:52:13.144244,Marwa,15,105,2023-05-11,1,10.72,4525,officiel,25,2,143
95,1049918,2023-01-11 12:52:13.147244,2023-01-11 12:52:13.147244,Marwa,Marwa,False,,2023-01-11 12:52:13.147244,2023-01-11 12:52:13.147244,Marwa,15,105,2023-05-12,1,10.72,4526,officiel,25,2,143
96,1049919,2023-01-11 12:52:13.153244,2023-01-11 12:52:13.153244,Marwa,Marwa,False,,2023-01-11 12:52:13.153244,2023-01-11 12:52:13.153244,Marwa,15,105,2023-05-15,1,10.72,4527,officiel,25,2,143
97,1049920,2023-01-11 12:52:13.158245,2023-01-11 12:52:13.158245,Marwa,Marwa,False,,2023-01-11 12:52:13.158245,2023-01-11 12:52:13.158245,Marwa,15,105,2023-05-16,1,10.72,4528,officiel,25,2,143
98,1049921,2023-01-11 12:52:13.164244,2023-01-11 12:52:13.164244,Marwa,Marwa,False,,2023-01-11 12:52:13.164244,2023-01-11 12:52:13.164244,Marwa,15,105,2023-05-17,1,10.72,4529,officiel,25,2,143
99,1049922,2023-01-11 12:52:13.169245,2023-01-11 12:52:13.169245,Marwa,Marwa,False,,2023-01-11 12:52:13.169245,2023-01-11 12:52:13.169245,Marwa,15,105,2023-05-18,1,10.72,4530,officiel,25,2,143
100,1049923,2023-01-11 12:52:13.173245,2023-01-11 12:52:13.173245,Marwa,Marwa,False,,2023-01-11 12:52:13.173245,2023-01-11 12:52:13.173245,Marwa,15,105,2023-05-19,1,10.72,4531,officiel,25,2,143
101,1049924,2023-01-11 12:52:13.182244,2023-01-11 12:52:13.182244,Marwa,Marwa,False,,2023-01-11 12:52:13.182244,2023-01-11 12:52:13.182244,Marwa,15,105,2023-05-22,1,10.72,4537,officiel,25,2,143
102,1049925,2023-01-11 12:52:13.186245,2023-01-11 12:52:13.186245,Marwa,Marwa,False,,2023-01-11 12:52:13.186245,2023-01-11 12:52:13.186245,Marwa,15,105,2023-05-23,1,10.72,4538,officiel,25,2,143
103,1049926,2023-01-11 12:52:13.190247,2023-01-11 12:52:13.190247,Marwa,Marwa,False,,2023-01-11 12:52:13.190247,2023-01-11 12:52:13.190247,Marwa,15,105,2023-05-24,1,10.72,4539,officiel,25,2,143
104,1049927,2023-01-11 12:52:13.195246,2023-01-11 12:52:13.195246,Marwa,Marwa,False,,2023-01-11 12:52:13.195246,2023-01-11 12:52:13.195246,Marwa,15,105,2023-05-25,1,10.72,4540,officiel,25,2,143
105,1049928,2023-01-11 12:52:13.200245,2023-01-11 12:52:13.200245,Marwa,Marwa,False,,2023-01-11 12:52:13.200245,2023-01-11 12:52:13.200245,Marwa,15,105,2023-05-26,1,10.72,4541,officiel,25,2,143
106,1049929,2023-01-11 12:52:13.206244,2023-01-11 12:52:13.206244,Marwa,Marwa,False,,2023-01-11 12:52:13.206244,2023-01-11 12:52:13.206244,Marwa,15,105,2023-05-29,1,10.72,4542,officiel,25,2,143
107,1049930,2023-01-11 12:52:13.210244,2023-01-11 12:52:13.210244,Marwa,Marwa,False,,2023-01-11 12:52:13.210244,2023-01-11 12:52:13.210244,Marwa,15,105,2023-05-30,1,10.72,4543,officiel,25,2,143
108,1049931,2023-01-11 12:52:13.214244,2023-01-11 12:52:13.214244,Marwa,Marwa,False,,2023-01-11 12:52:13.214244,2023-01-11 12:52:13.214244,Marwa,15,105,2023-05-31,1,10.72,4544,officiel,25,2,143
109,1049932,2023-01-11 12:52:13.218245,2023-01-11 12:52:13.218245,Marwa,Marwa,False,,2023-01-11 12:52:13.218245,2023-01-11 12:52:13.218245,Marwa,15,105,2023-06-01,1,10.72,4545,officiel,25,2,143
110,1049933,2023-01-11 12:52:13.222245,2023-01-11 12:52:13.222245,Marwa,Marwa,False,,2023-01-11 12:52:13.222245,2023-01-11 12:52:13.222245,Marwa,15,105,2023-06-02,1,10.72,4546,officiel,25,2,143
111,1049934,2023-01-11 12:52:13.231244,2023-01-11 12:52:13.231244,Marwa,Marwa,False,,2023-01-11 12:52:13.231244,2023-01-11 12:52:13.231244,Marwa,15,105,2023-06-05,1,10.72,4547,officiel,25,2,143
112,1049935,2023-01-11 12:52:13.235244,2023-01-11 12:52:13.235244,Marwa,Marwa,False,,2023-01-11 12:52:13.235244,2023-01-11 12:52:13.235244,Marwa,15,105,2023-06-06,1,10.72,4548,officiel,25,2,143
113,1049936,2023-01-11 12:52:13.239244,2023-01-11 12:52:13.239244,Marwa,Marwa,False,,2023-01-11 12:52:13.239244,2023-01-11 12:52:13.239244,Marwa,15,105,2023-06-07,1,10.72,4549,officiel,25,2,143
114,1049937,2023-01-11 12:52:13.247244,2023-01-11 12:52:13.247244,Marwa,Marwa,False,,2023-01-11 12:52:13.247244,2023-01-11 12:52:13.247244,Marwa,15,105,2023-06-08,1,10.72,4550,officiel,25,2,143
115,1049938,2023-01-11 12:52:13.251244,2023-01-11 12:52:13.251244,Marwa,Marwa,False,,2023-01-11 12:52:13.251244,2023-01-11 12:52:13.251244,Marwa,15,105,2023-06-09,1,10.72,4551,officiel,25,2,143
116,1049939,2023-01-11 12:52:13.257244,2023-01-11 12:52:13.257244,Marwa,Marwa,False,,2023-01-11 12:52:13.257244,2023-01-11 12:52:13.257244,Marwa,15,105,2023-06-12,1,10.72,4552,officiel,25,2,143
117,1049940,2023-01-11 12:52:13.263245,2023-01-11 12:52:13.263245,Marwa,Marwa,False,,2023-01-11 12:52:13.263245,2023-01-11 12:52:13.263245,Marwa,15,105,2023-06-13,1,10.72,4553,officiel,25,2,143
118,1049941,2023-01-11 12:52:13.268245,2023-01-11 12:52:13.268245,Marwa,Marwa,False,,2023-01-11 12:52:13.268245,2023-01-11 12:52:13.268245,Marwa,15,105,2023-06-14,1,10.72,4554,officiel,25,2,143
119,1049942,2023-01-11 12:52:13.274246,2023-01-11 12:52:13.274246,Marwa,Marwa,False,,2023-01-11 12:52:13.274246,2023-01-11 12:52:13.274246,Marwa,15,105,2023-06-15,1,10.72,4555,officiel,25,2,143
120,1049943,2023-01-11 12:52:13.279244,2023-01-11 12:52:13.279244,Marwa,Marwa,False,,2023-01-11 12:52:13.279244,2023-01-11 12:52:13.279244,Marwa,15,105,2023-06-16,1,10.72,4556,officiel,25,2,143
121,1049944,2023-01-11 12:52:13.286244,2023-01-11 12:52:13.286244,Marwa,Marwa,False,,2023-01-11 12:52:13.286244,2023-01-11 12:52:13.286244,Marwa,15,105,2023-06-19,1,10.72,4557,officiel,25,2,143
122,1049945,2023-01-11 12:52:13.290244,2023-01-11 12:52:13.290244,Marwa,Marwa,False,,2023-01-11 12:52:13.290244,2023-01-11 12:52:13.290244,Marwa,15,105,2023-06-20,1,10.72,4558,officiel,25,2,143
123,1049946,2023-01-11 12:52:13.298252,2023-01-11 12:52:13.298252,Marwa,Marwa,False,,2023-01-11 12:52:13.298252,2023-01-11 12:52:13.298252,Marwa,15,105,2023-06-21,1,10.72,4559,officiel,25,2,143
124,1049947,2023-01-11 12:52:13.303245,2023-01-11 12:52:13.303245,Marwa,Marwa,False,,2023-01-11 12:52:13.303245,2023-01-11 12:52:13.303245,Marwa,15,105,2023-06-22,1,10.72,4560,officiel,25,2,143
125,1049948,2023-01-11 12:52:13.312246,2023-01-11 12:52:13.312246,Marwa,Marwa,False,,2023-01-11 12:52:13.312246,2023-01-11 12:52:13.312246,Marwa,15,105,2023-06-23,1,10.72,4561,officiel,25,2,143
126,1049949,2023-01-11 12:52:13.319245,2023-01-11 12:52:13.319245,Marwa,Marwa,False,,2023-01-11 12:52:13.319245,2023-01-11 12:52:13.319245,Marwa,15,105,2023-06-26,1,10.72,4569,officiel,25,2,143
127,1049950,2023-01-11 12:52:13.328254,2023-01-11 12:52:13.328254,Marwa,Marwa,False,,2023-01-11 12:52:13.328254,2023-01-11 12:52:13.328254,Marwa,15,105,2023-07-03,1,10.72,4564,officiel,25,2,143
128,1049951,2023-01-11 12:52:13.335246,2023-01-11 12:52:13.335246,Marwa,Marwa,False,,2023-01-11 12:52:13.335246,2023-01-11 12:52:13.335246,Marwa,15,105,2023-07-04,1,10.72,4565,officiel,25,2,143
129,1049952,2023-01-11 12:52:13.339252,2023-01-11 12:52:13.339252,Marwa,Marwa,False,,2023-01-11 12:52:13.339252,2023-01-11 12:52:13.339252,Marwa,15,105,2023-07-05,1,10.72,4566,officiel,25,2,143
130,1049953,2023-01-11 12:52:13.344252,2023-01-11 12:52:13.344252,Marwa,Marwa,False,,2023-01-11 12:52:13.344252,2023-01-11 12:52:13.344252,Marwa,15,105,2023-07-06,1,10.72,4567,officiel,25,2,143
131,1049954,2023-01-11 12:52:13.349245,2023-01-11 12:52:13.349245,Marwa,Marwa,False,,2023-01-11 12:52:13.349245,2023-01-11 12:52:13.349245,Marwa,15,105,2023-07-07,1,10.72,4568,officiel,25,2,143
132,1049955,2023-01-11 12:52:13.356245,2023-01-11 12:52:13.356245,Marwa,Marwa,False,,2023-01-11 12:52:13.356245,2023-01-11 12:52:13.356245,Marwa,15,105,2023-07-10,1,10.72,4570,officiel,25,2,143
133,1049956,2023-01-11 12:52:13.365245,2023-01-11 12:52:13.365245,Marwa,Marwa,False,,2023-01-11 12:52:13.365245,2023-01-11 12:52:13.365245,Marwa,15,105,2023-07-11,1,10.72,4571,officiel,25,2,143
134,1049957,2023-01-11 12:52:13.369245,2023-01-11 12:52:13.369245,Marwa,Marwa,False,,2023-01-11 12:52:13.369245,2023-01-11 12:52:13.369245,Marwa,15,105,2023-07-12,1,10.72,4572,officiel,25,2,143
135,1049958,2023-01-11 12:52:13.380245,2023-01-11 12:52:13.380245,Marwa,Marwa,False,,2023-01-11 12:52:13.380245,2023-01-11 12:52:13.380245,Marwa,15,105,2023-07-13,1,10.72,4573,officiel,25,2,143
136,1049959,2023-01-11 12:52:13.392245,2023-01-11 12:52:13.392245,Marwa,Marwa,False,,2023-01-11 12:52:13.392245,2023-01-11 12:52:13.392245,Marwa,15,105,2023-07-14,1,10.72,4574,officiel,25,2,143
137,1049960,2023-01-11 12:52:13.403252,2023-01-11 12:52:13.403252,Marwa,Marwa,False,,2023-01-11 12:52:13.403252,2023-01-11 12:52:13.403252,Marwa,15,105,2023-07-17,1,10.72,4575,officiel,25,2,143
138,1049961,2023-01-11 12:52:13.409244,2023-01-11 12:52:13.409244,Marwa,Marwa,False,,2023-01-11 12:52:13.409244,2023-01-11 12:52:13.409244,Marwa,15,105,2023-07-18,1,10.72,4576,officiel,25,2,143
139,1049962,2023-01-11 12:52:13.416246,2023-01-11 12:52:13.416246,Marwa,Marwa,False,,2023-01-11 12:52:13.416246,2023-01-11 12:52:13.416246,Marwa,15,105,2023-07-20,1,10.72,4577,officiel,25,2,143
140,1049963,2023-01-11 12:52:13.425246,2023-01-11 12:52:13.425246,Marwa,Marwa,False,,2023-01-11 12:52:13.425246,2023-01-11 12:52:13.425246,Marwa,15,105,2023-07-21,1,10.72,4578,officiel,25,2,143
141,1049964,2023-01-11 12:52:13.438247,2023-01-11 12:52:13.438247,Marwa,Marwa,False,,2023-01-11 12:52:13.438247,2023-01-11 12:52:13.438247,Marwa,15,105,2023-08-14,1,10.72,4579,officiel,25,2,143
142,1049965,2023-01-11 12:52:13.450246,2023-01-11 12:52:13.450246,Marwa,Marwa,False,,2023-01-11 12:52:13.450246,2023-01-11 12:52:13.450246,Marwa,15,105,2023-08-15,1,10.72,4580,officiel,25,2,143
143,1049966,2023-01-11 12:52:13.460247,2023-01-11 12:52:13.460247,Marwa,Marwa,False,,2023-01-11 12:52:13.460247,2023-01-11 12:52:13.460247,Marwa,15,105,2023-08-16,1,10.72,4581,officiel,25,2,143
144,1049967,2023-01-11 12:52:13.469246,2023-01-11 12:52:13.469246,Marwa,Marwa,False,,2023-01-11 12:52:13.469246,2023-01-11 12:52:13.469246,Marwa,15,105,2023-08-17,1,10.72,4582,officiel,25,2,143
145,1049968,2023-01-11 12:52:13.475244,2023-01-11 12:52:13.475244,Marwa,Marwa,False,,2023-01-11 12:52:13.475244,2023-01-11 12:52:13.475244,Marwa,15,105,2023-08-18,1,10.72,4583,officiel,25,2,143
146,1049969,2023-01-11 12:52:13.484245,2023-01-11 12:52:13.484245,Marwa,Marwa,False,,2023-01-11 12:52:13.484245,2023-01-11 12:52:13.484245,Marwa,15,105,2023-08-21,1,10.72,4584,officiel,25,2,143
147,1049970,2023-01-11 12:52:13.495245,2023-01-11 12:52:13.495245,Marwa,Marwa,False,,2023-01-11 12:52:13.495245,2023-01-11 12:52:13.495245,Marwa,15,105,2023-08-22,1,10.72,4585,officiel,25,2,143
148,1049971,2023-01-11 12:52:13.500245,2023-01-11 12:52:13.500245,Marwa,Marwa,False,,2023-01-11 12:52:13.500245,2023-01-11 12:52:13.500245,Marwa,15,105,2023-08-23,1,10.72,4586,officiel,25,2,143
149,1049972,2023-01-11 12:52:13.505245,2023-01-11 12:52:13.505245,Marwa,Marwa,False,,2023-01-11 12:52:13.505245,2023-01-11 12:52:13.505245,Marwa,15,105,2023-08-24,1,10.72,4587,officiel,25,2,143
150,1049973,2023-01-11 12:52:13.515246,2023-01-11 12:52:13.515246,Marwa,Marwa,False,,2023-01-11 12:52:13.515246,2023-01-11 12:52:13.515246,Marwa,15,105,2023-08-25,1,10.72,4588,officiel,25,2,143
151,1049974,2023-01-11 12:52:13.521245,2023-01-11 12:52:13.521245,Marwa,Marwa,False,,2023-01-11 12:52:13.521245,2023-01-11 12:52:13.521245,Marwa,15,105,2023-08-28,1,10.72,4589,officiel,25,2,143
152,1049975,2023-01-11 12:52:13.530253,2023-01-11 12:52:13.530253,Marwa,Marwa,False,,2023-01-11 12:52:13.530253,2023-01-11 12:52:13.530253,Marwa,15,105,2023-08-29,1,10.72,4590,officiel,25,2,143
153,1049976,2023-01-11 12:52:13.534244,2023-01-11 12:52:13.534244,Marwa,Marwa,False,,2023-01-11 12:52:13.534244,2023-01-11 12:52:13.534244,Marwa,15,105,2023-08-30,1,10.72,4591,officiel,25,2,143
154,1049977,2023-01-11 12:52:13.539245,2023-01-11 12:52:13.539245,Marwa,Marwa,False,,2023-01-11 12:52:13.539245,2023-01-11 12:52:13.539245,Marwa,15,105,2023-08-31,1,10.72,4592,officiel,25,2,143
155,1049978,2023-01-11 12:52:13.547245,2023-01-11 12:52:13.548245,Marwa,Marwa,False,,2023-01-11 12:52:13.548245,2023-01-11 12:52:13.548245,Marwa,15,105,2023-09-01,1,10.72,4594,officiel,25,2,143
156,1049979,2023-01-11 12:52:13.554246,2023-01-11 12:52:13.554246,Marwa,Marwa,False,,2023-01-11 12:52:13.554246,2023-01-11 12:52:13.554246,Marwa,15,105,2023-09-04,1,10.72,4595,officiel,25,2,143
157,1049980,2023-01-11 12:52:13.563245,2023-01-11 12:52:13.563245,Marwa,Marwa,False,,2023-01-11 12:52:13.563245,2023-01-11 12:52:13.563245,Marwa,15,105,2023-09-05,1,10.72,4596,officiel,25,2,143
158,1049981,2023-01-11 12:52:13.569245,2023-01-11 12:52:13.569245,Marwa,Marwa,False,,2023-01-11 12:52:13.569245,2023-01-11 12:52:13.569245,Marwa,15,105,2023-09-06,1,10.72,4597,officiel,25,2,143
159,1049982,2023-01-11 12:52:13.572244,2023-01-11 12:52:13.572244,Marwa,Marwa,False,,2023-01-11 12:52:13.572244,2023-01-11 12:52:13.572244,Marwa,15,105,2023-09-07,1,10.72,4598,officiel,25,2,143
160,1049983,2023-01-11 12:52:13.577244,2023-01-11 12:52:13.577244,Marwa,Marwa,False,,2023-01-11 12:52:13.577244,2023-01-11 12:52:13.577244,Marwa,15,105,2023-09-08,1,10.72,4599,officiel,25,2,143
161,1049984,2023-01-11 12:52:13.582245,2023-01-11 12:52:13.582245,Marwa,Marwa,False,,2023-01-11 12:52:13.582245,2023-01-11 12:52:13.582245,Marwa,15,105,2023-09-11,1,10.72,4600,officiel,25,2,143
162,1049985,2023-01-11 12:52:13.586251,2023-01-11 12:52:13.586251,Marwa,Marwa,False,,2023-01-11 12:52:13.586251,2023-01-11 12:52:13.586251,Marwa,15,105,2023-09-12,1,10.72,4601,officiel,25,2,143
163,1049986,2023-01-11 12:52:13.590246,2023-01-11 12:52:13.590246,Marwa,Marwa,False,,2023-01-11 12:52:13.590246,2023-01-11 12:52:13.590246,Marwa,15,105,2023-09-13,1,10.72,4602,officiel,25,2,143
164,1049987,2023-01-11 12:52:13.600246,2023-01-11 12:52:13.600246,Marwa,Marwa,False,,2023-01-11 12:52:13.600246,2023-01-11 12:52:13.600246,Marwa,15,105,2023-09-14,1,10.72,4603,officiel,25,2,143
165,1049988,2023-01-11 12:52:13.604244,2023-01-11 12:52:13.604244,Marwa,Marwa,False,,2023-01-11 12:52:13.604244,2023-01-11 12:52:13.604244,Marwa,15,105,2023-09-15,1,10.72,4604,officiel,25,2,143
166,1049989,2023-01-11 12:52:13.614244,2023-01-11 12:52:13.614244,Marwa,Marwa,False,,2023-01-11 12:52:13.614244,2023-01-11 12:52:13.614244,Marwa,15,105,2023-09-18,1,10.72,4605,officiel,25,2,143
167,1049990,2023-01-11 12:52:13.619244,2023-01-11 12:52:13.619244,Marwa,Marwa,False,,2023-01-11 12:52:13.619244,2023-01-11 12:52:13.619244,Marwa,15,105,2023-09-19,1,10.72,4606,officiel,25,2,143
168,1049991,2023-01-11 12:52:13.628244,2023-01-11 12:52:13.628244,Marwa,Marwa,False,,2023-01-11 12:52:13.628244,2023-01-11 12:52:13.628244,Marwa,15,105,2023-09-20,1,10.72,4607,officiel,25,2,143
169,1049992,2023-01-11 12:52:13.633245,2023-01-11 12:52:13.633245,Marwa,Marwa,False,,2023-01-11 12:52:13.633245,2023-01-11 12:52:13.633245,Marwa,15,105,2023-09-21,1,10.72,4608,officiel,25,2,143
170,1049993,2023-01-11 12:52:13.638252,2023-01-11 12:52:13.638252,Marwa,Marwa,False,,2023-01-11 12:52:13.638252,2023-01-11 12:52:13.638252,Marwa,15,105,2023-09-22,1,10.72,4609,officiel,25,2,143
171,1049994,2023-01-11 12:52:13.646244,2023-01-11 12:52:13.646244,Marwa,Marwa,False,,2023-01-11 12:52:13.646244,2023-01-11 12:52:13.646244,Marwa,15,105,2023-09-25,1,10.72,4610,officiel,25,2,143
172,1049995,2023-01-11 12:52:13.650252,2023-01-11 12:52:13.650252,Marwa,Marwa,False,,2023-01-11 12:52:13.650252,2023-01-11 12:52:13.650252,Marwa,15,105,2023-09-26,1,10.72,4611,officiel,25,2,143
173,1049996,2023-01-11 12:52:13.654244,2023-01-11 12:52:13.654244,Marwa,Marwa,False,,2023-01-11 12:52:13.654244,2023-01-11 12:52:13.654244,Marwa,15,105,2023-09-28,1,10.72,4612,officiel,25,2,143
174,1049997,2023-01-11 12:52:13.659244,2023-01-11 12:52:13.659244,Marwa,Marwa,False,,2023-01-11 12:52:13.659244,2023-01-11 12:52:13.659244,Marwa,15,105,2023-09-29,1,10.72,4613,officiel,25,2,143
175,1049998,2023-01-11 12:52:13.665244,2023-01-11 12:52:13.665244,Marwa,Marwa,False,,2023-01-11 12:52:13.665244,2023-01-11 12:52:13.665244,Marwa,15,105,2023-10-02,1,10.72,4619,officiel,25,2,143
176,1049999,2023-01-11 12:52:13.670244,2023-01-11 12:52:13.670244,Marwa,Marwa,False,,2023-01-11 12:52:13.670244,2023-01-11 12:52:13.670244,Marwa,15,105,2023-10-03,1,10.72,4620,officiel,25,2,143
177,1050000,2023-01-11 12:52:13.675245,2023-01-11 12:52:13.675245,Marwa,Marwa,False,,2023-01-11 12:52:13.675245,2023-01-11 12:52:13.675245,Marwa,15,105,2023-10-04,1,10.72,4621,officiel,25,2,143
178,1050001,2023-01-11 12:52:13.679254,2023-01-11 12:52:13.679254,Marwa,Marwa,False,,2023-01-11 12:52:13.679254,2023-01-11 12:52:13.679254,Marwa,15,105,2023-10-05,1,10.72,4622,officiel,25,2,143
179,1050002,2023-01-11 12:52:13.683244,2023-01-11 12:52:13.683244,Marwa,Marwa,False,,2023-01-11 12:52:13.684251,2023-01-11 12:52:13.684251,Marwa,15,105,2023-10-06,1,10.72,4623,officiel,25,2,143
180,1050003,2023-01-11 12:52:13.691246,2023-01-11 12:52:13.691246,Marwa,Marwa,False,,2023-01-11 12:52:13.691246,2023-01-11 12:52:13.691246,Marwa,15,105,2023-10-09,1,10.72,4624,officiel,25,2,143
181,1050004,2023-01-11 12:52:13.698244,2023-01-11 12:52:13.698244,Marwa,Marwa,False,,2023-01-11 12:52:13.698244,2023-01-11 12:52:13.698244,Marwa,15,105,2023-10-10,1,10.72,4625,officiel,25,2,143
182,1050005,2023-01-11 12:52:13.702252,2023-01-11 12:52:13.702252,Marwa,Marwa,False,,2023-01-11 12:52:13.702252,2023-01-11 12:52:13.702252,Marwa,15,105,2023-10-11,1,10.72,4626,officiel,25,2,143
183,1050006,2023-01-11 12:52:13.709248,2023-01-11 12:52:13.709248,Marwa,Marwa,False,,2023-01-11 12:52:13.709248,2023-01-11 12:52:13.709248,Marwa,15,105,2023-10-12,1,10.72,4627,officiel,25,2,143
184,1050007,2023-01-11 12:52:13.716244,2023-01-11 12:52:13.716244,Marwa,Marwa,False,,2023-01-11 12:52:13.716244,2023-01-11 12:52:13.716244,Marwa,15,105,2023-10-13,1,10.72,4628,officiel,25,2,143
185,1050008,2023-01-11 12:52:13.724248,2023-01-11 12:52:13.724248,Marwa,Marwa,False,,2023-01-11 12:52:13.724248,2023-01-11 12:52:13.724248,Marwa,15,105,2023-10-16,1,10.72,4629,officiel,25,2,143
186,1050009,2023-01-11 12:52:13.729244,2023-01-11 12:52:13.729244,Marwa,Marwa,False,,2023-01-11 12:52:13.729244,2023-01-11 12:52:13.729244,Marwa,15,105,2023-10-17,1,10.72,4630,officiel,25,2,143
187,1050010,2023-01-11 12:52:13.732244,2023-01-11 12:52:13.732244,Marwa,Marwa,False,,2023-01-11 12:52:13.732244,2023-01-11 12:52:13.732244,Marwa,15,105,2023-10-18,1,10.72,4631,officiel,25,2,143
188,1050011,2023-01-11 12:52:13.736246,2023-01-11 12:52:13.736246,Marwa,Marwa,False,,2023-01-11 12:52:13.736246,2023-01-11 12:52:13.736246,Marwa,15,105,2023-10-19,1,10.72,4632,officiel,25,2,143
189,1050012,2023-01-11 12:52:13.741245,2023-01-11 12:52:13.741245,Marwa,Marwa,False,,2023-01-11 12:52:13.741245,2023-01-11 12:52:13.741245,Marwa,15,105,2023-10-20,1,10.72,4633,officiel,25,2,143
190,1050013,2023-01-11 12:52:13.747252,2023-01-11 12:52:13.747252,Marwa,Marwa,False,,2023-01-11 12:52:13.747252,2023-01-11 12:52:13.747252,Marwa,15,105,2023-10-23,1,10.72,4634,officiel,25,2,143
191,1050014,2023-01-11 12:52:13.752252,2023-01-11 12:52:13.752252,Marwa,Marwa,False,,2023-01-11 12:52:13.752252,2023-01-11 12:52:13.752252,Marwa,15,105,2023-10-24,1,10.72,4635,officiel,25,2,143
192,1050015,2023-01-11 12:52:13.756252,2023-01-11 12:52:13.756252,Marwa,Marwa,False,,2023-01-11 12:52:13.756252,2023-01-11 12:52:13.756252,Marwa,15,105,2023-10-25,1,10.72,4636,officiel,25,2,143
193,1050016,2023-01-11 12:52:13.763326,2023-01-11 12:52:13.763326,Marwa,Marwa,False,,2023-01-11 12:52:13.763326,2023-01-11 12:52:13.763326,Marwa,15,105,2023-10-26,1,10.72,4637,officiel,25,2,143
194,1050017,2023-01-11 12:52:13.768245,2023-01-11 12:52:13.768245,Marwa,Marwa,False,,2023-01-11 12:52:13.768245,2023-01-11 12:52:13.768245,Marwa,15,105,2023-10-27,1,10.72,4638,officiel,25,2,143
195,1050018,2023-01-11 12:52:13.778244,2023-01-11 12:52:13.778244,Marwa,Marwa,False,,2023-01-11 12:52:13.778244,2023-01-11 12:52:13.778244,Marwa,15,105,2023-10-30,1,10.72,4639,officiel,25,2,143
196,1050019,2023-01-11 12:52:13.784066,2023-01-11 12:52:13.784066,Marwa,Marwa,False,,2023-01-11 12:52:13.784066,2023-01-11 12:52:13.784066,Marwa,15,105,2023-10-31,1,10.72,4640,officiel,25,2,143
197,1050020,2023-01-11 12:52:13.790015,2023-01-11 12:52:13.791015,Marwa,Marwa,False,,2023-01-11 12:52:13.791015,2023-01-11 12:52:13.791015,Marwa,15,105,2023-11-01,1,10.72,4644,officiel,25,2,143
198,1050021,2023-01-11 12:52:13.797016,2023-01-11 12:52:13.797016,Marwa,Marwa,False,,2023-01-11 12:52:13.797016,2023-01-11 12:52:13.797016,Marwa,15,105,2023-11-02,1,10.72,4645,officiel,25,2,143
199,1050022,2023-01-11 12:52:13.802015,2023-01-11 12:52:13.802015,Marwa,Marwa,False,,2023-01-11 12:52:13.802015,2023-01-11 12:52:13.802015,Marwa,15,105,2023-11-03,1,10.72,4646,officiel,25,2,143
200,1050023,2023-01-11 12:52:13.809016,2023-01-11 12:52:13.809016,Marwa,Marwa,False,,2023-01-11 12:52:13.809016,2023-01-11 12:52:13.809016,Marwa,15,105,2023-11-06,1,10.72,4647,officiel,25,2,143
201,1050024,2023-01-11 12:52:13.814017,2023-01-11 12:52:13.814017,Marwa,Marwa,False,,2023-01-11 12:52:13.814017,2023-01-11 12:52:13.814017,Marwa,15,105,2023-11-07,1,10.72,4648,officiel,25,2,143
202,1050025,2023-01-11 12:52:13.818015,2023-01-11 12:52:13.818015,Marwa,Marwa,False,,2023-01-11 12:52:13.818015,2023-01-11 12:52:13.818015,Marwa,15,105,2023-11-08,1,10.72,4649,officiel,25,2,143
203,1050026,2023-01-11 12:52:13.822015,2023-01-11 12:52:13.822015,Marwa,Marwa,False,,2023-01-11 12:52:13.822015,2023-01-11 12:52:13.822015,Marwa,15,105,2023-11-09,1,10.72,4650,officiel,25,2,143
204,1050027,2023-01-11 12:52:13.829016,2023-01-11 12:52:13.829016,Marwa,Marwa,False,,2023-01-11 12:52:13.829016,2023-01-11 12:52:13.829016,Marwa,15,105,2023-11-10,1,10.72,4651,officiel,25,2,143
205,1050028,2023-01-11 12:52:13.835018,2023-01-11 12:52:13.835018,Marwa,Marwa,False,,2023-01-11 12:52:13.835018,2023-01-11 12:52:13.835018,Marwa,15,105,2023-11-13,1,10.72,4652,officiel,25,2,143
206,1050029,2023-01-11 12:52:13.839016,2023-01-11 12:52:13.839016,Marwa,Marwa,False,,2023-01-11 12:52:13.839016,2023-01-11 12:52:13.839016,Marwa,15,105,2023-11-14,1,10.72,4653,officiel,25,2,143
207,1050030,2023-01-11 12:52:13.847016,2023-01-11 12:52:13.847016,Marwa,Marwa,False,,2023-01-11 12:52:13.847016,2023-01-11 12:52:13.847016,Marwa,15,105,2023-11-15,1,10.72,4654,officiel,25,2,143
208,1050031,2023-01-11 12:52:13.852102,2023-01-11 12:52:13.852102,Marwa,Marwa,False,,2023-01-11 12:52:13.852102,2023-01-11 12:52:13.852102,Marwa,15,105,2023-11-16,1,10.72,4655,officiel,25,2,143
209,1050032,2023-01-11 12:52:13.857014,2023-01-11 12:52:13.858014,Marwa,Marwa,False,,2023-01-11 12:52:13.858014,2023-01-11 12:52:13.858014,Marwa,15,105,2023-11-17,1,10.72,4656,officiel,25,2,143
210,1050033,2023-01-11 12:52:13.864016,2023-01-11 12:52:13.864016,Marwa,Marwa,False,,2023-01-11 12:52:13.864016,2023-01-11 12:52:13.864016,Marwa,15,105,2023-11-20,1,10.72,4657,officiel,25,2,143
211,1050034,2023-01-11 12:52:13.869015,2023-01-11 12:52:13.869015,Marwa,Marwa,False,,2023-01-11 12:52:13.869015,2023-01-11 12:52:13.869015,Marwa,15,105,2023-11-21,1,10.72,4658,officiel,25,2,143
212,1050035,2023-01-11 12:52:13.874015,2023-01-11 12:52:13.874015,Marwa,Marwa,False,,2023-01-11 12:52:13.874015,2023-01-11 12:52:13.874015,Marwa,15,105,2023-11-22,1,10.72,4659,officiel,25,2,143
213,1050036,2023-01-11 12:52:13.878014,2023-01-11 12:52:13.878014,Marwa,Marwa,False,,2023-01-11 12:52:13.878014,2023-01-11 12:52:13.878014,Marwa,15,105,2023-11-23,1,10.72,4660,officiel,25,2,143
214,1050037,2023-01-11 12:52:13.882015,2023-01-11 12:52:13.882015,Marwa,Marwa,False,,2023-01-11 12:52:13.882015,2023-01-11 12:52:13.882015,Marwa,15,105,2023-11-24,1,10.72,4661,officiel,25,2,143
215,1050038,2023-01-11 12:52:13.887015,2023-01-11 12:52:13.887015,Marwa,Marwa,False,,2023-01-11 12:52:13.888014,2023-01-11 12:52:13.888014,Marwa,15,105,2023-11-27,1,10.72,4662,officiel,25,2,143
216,1050039,2023-01-11 12:52:13.894015,2023-01-11 12:52:13.894015,Marwa,Marwa,False,,2023-01-11 12:52:13.894015,2023-01-11 12:52:13.894015,Marwa,15,105,2023-11-28,1,10.72,4663,officiel,25,2,143
217,1050040,2023-01-11 12:52:13.899524,2023-01-11 12:52:13.899524,Marwa,Marwa,False,,2023-01-11 12:52:13.899524,2023-01-11 12:52:13.899524,Marwa,15,105,2023-11-29,1,10.72,4664,officiel,25,2,143
218,1050041,2023-01-11 12:52:13.903523,2023-01-11 12:52:13.903523,Marwa,Marwa,False,,2023-01-11 12:52:13.903523,2023-01-11 12:52:13.903523,Marwa,15,105,2023-11-30,1,10.72,4665,officiel,25,2,143
219,1050042,2023-01-11 12:52:13.910523,2023-01-11 12:52:13.910523,Marwa,Marwa,False,,2023-01-11 12:52:13.910523,2023-01-11 12:52:13.910523,Marwa,15,105,2023-12-01,1,10.72,4667,officiel,25,2,143
220,1050043,2023-01-11 12:52:13.918556,2023-01-11 12:52:13.918556,Marwa,Marwa,False,,2023-01-11 12:52:13.918556,2023-01-11 12:52:13.918556,Marwa,15,105,2023-12-04,1,10.72,4668,officiel,25,2,143
221,1050044,2023-01-11 12:52:13.923524,2023-01-11 12:52:13.924525,Marwa,Marwa,False,,2023-01-11 12:52:13.924525,2023-01-11 12:52:13.924525,Marwa,15,105,2023-12-05,1,10.72,4669,officiel,25,2,143
222,1050045,2023-01-11 12:52:13.929524,2023-01-11 12:52:13.929524,Marwa,Marwa,False,,2023-01-11 12:52:13.929524,2023-01-11 12:52:13.929524,Marwa,15,105,2023-12-06,1,10.72,4670,officiel,25,2,143
223,1050046,2023-01-11 12:52:13.933533,2023-01-11 12:52:13.934532,Marwa,Marwa,False,,2023-01-11 12:52:13.934532,2023-01-11 12:52:13.934532,Marwa,15,105,2023-12-07,1,10.72,4671,officiel,25,2,143
224,1050047,2023-01-11 12:52:13.938525,2023-01-11 12:52:13.938525,Marwa,Marwa,False,,2023-01-11 12:52:13.938525,2023-01-11 12:52:13.938525,Marwa,15,105,2023-12-08,1,10.72,4672,officiel,25,2,143
225,1050048,2023-01-11 12:52:13.944536,2023-01-11 12:52:13.944536,Marwa,Marwa,False,,2023-01-11 12:52:13.944536,2023-01-11 12:52:13.944536,Marwa,15,105,2023-12-11,1,10.72,4673,officiel,25,2,143
226,1050049,2023-01-11 12:52:13.948548,2023-01-11 12:52:13.948548,Marwa,Marwa,False,,2023-01-11 12:52:13.948548,2023-01-11 12:52:13.948548,Marwa,15,105,2023-12-12,1,10.72,4674,officiel,25,2,143
227,1050050,2023-01-11 12:52:13.953606,2023-01-11 12:52:13.953606,Marwa,Marwa,False,,2023-01-11 12:52:13.953606,2023-01-11 12:52:13.953606,Marwa,15,105,2023-12-13,1,10.72,4675,officiel,25,2,143
228,1050051,2023-01-11 12:52:13.959578,2023-01-11 12:52:13.959578,Marwa,Marwa,False,,2023-01-11 12:52:13.959578,2023-01-11 12:52:13.959578,Marwa,15,105,2023-12-14,1,10.72,4676,officiel,25,2,143
229,1050052,2023-01-11 12:52:13.965608,2023-01-11 12:52:13.965608,Marwa,Marwa,False,,2023-01-11 12:52:13.965608,2023-01-11 12:52:13.965608,Marwa,15,105,2023-12-15,1,10.72,4677,officiel,25,2,143
230,1050053,2023-01-11 12:52:13.972619,2023-01-11 12:52:13.972619,Marwa,Marwa,False,,2023-01-11 12:52:13.972619,2023-01-11 12:52:13.972619,Marwa,15,105,2023-12-18,1,10.72,4678,officiel,25,2,143
231,1050054,2023-01-11 12:52:13.980278,2023-01-11 12:52:13.980278,Marwa,Marwa,False,,2023-01-11 12:52:13.980278,2023-01-11 12:52:13.980278,Marwa,15,105,2023-12-19,1,10.72,4679,officiel,25,2,143
232,1050055,2023-01-11 12:52:13.984657,2023-01-11 12:52:13.984657,Marwa,Marwa,False,,2023-01-11 12:52:13.984657,2023-01-11 12:52:13.984657,Marwa,15,105,2023-12-20,1,10.72,4680,officiel,25,2,143
233,1050056,2023-01-11 12:52:13.988928,2023-01-11 12:52:13.988928,Marwa,Marwa,False,,2023-01-11 12:52:13.988928,2023-01-11 12:52:13.988928,Marwa,15,105,2023-12-21,1,10.72,4681,officiel,25,2,143
234,1050057,2023-01-11 12:52:13.995929,2023-01-11 12:52:13.995929,Marwa,Marwa,False,,2023-01-11 12:52:13.995929,2023-01-11 12:52:13.995929,Marwa,15,105,2023-12-22,1,10.72,4682,officiel,25,2,143
235,1050058,2023-01-11 12:52:14.001928,2023-01-11 12:52:14.001928,Marwa,Marwa,False,,2023-01-11 12:52:14.001928,2023-01-11 12:52:14.001928,Marwa,15,105,2023-12-25,1,10.72,4683,officiel,25,2,143
236,1050059,2023-01-11 12:52:14.006929,2023-01-11 12:52:14.006929,Marwa,Marwa,False,,2023-01-11 12:52:14.006929,2023-01-11 12:52:14.006929,Marwa,15,105,2023-12-26,1,10.72,4684,officiel,25,2,143
237,1050060,2023-01-11 12:52:14.012473,2023-01-11 12:52:14.012473,Marwa,Marwa,False,,2023-01-11 12:52:14.012473,2023-01-11 12:52:14.012473,Marwa,15,105,2023-12-27,1,10.72,4685,officiel,25,2,143
238,1050061,2023-01-11 12:52:14.016292,2023-01-11 12:52:14.016292,Marwa,Marwa,False,,2023-01-11 12:52:14.016292,2023-01-11 12:52:14.016292,Marwa,15,105,2023-12-28,1,10.72,4686,officiel,25,2,143
239,1050062,2023-01-11 12:52:14.019489,2023-01-11 12:52:14.019489,Marwa,Marwa,False,,2023-01-11 12:52:14.019489,2023-01-11 12:52:14.019489,Marwa,15,105,2023-12-29,1,10.72,4687,officiel,25,2,143
