,division,profit_centre,order,material,designation,order_type,order_quantity,date_start_plan,date_end_plan,fixation,date_reordo,message,order_stat,customer_order,date_end_real,AllocatedTime,Leadtime,workstation,Allocated_Time_On_Workstation,Smooth_Family,Ranking,Freeze_end_date,Remain_to_do,closed,smoothing_end_date,version,shared
0,2110,107,3689549,IS0028108M,107A-800VU-COA-40,YP04,1,04/02/2021,10/02/2021,None,,nan,TCLO IMPR CONF LIVR CCRP ERCT ARCO MMEf*,A110702008,15/02/2021,20.71,4.0,prod,0.0,2,2021-02-10,,,True,,2,True
1,2110,107,3685523,IS0015667M,107A-DE-820-40,YP04,1,06/01/2021,16/02/2021,None,,nan,TCLO IMPR CONF LIVR CCRP ERCT MMEf RIMP,A110702008,15/02/2021,765.12,22.0,prod,1.0,1,2021-02-16,,,True,,2,True
2,2110,107,3697583,IS0028165M,107B-800VU-COA-40,YP04,1,12/02/2021,18/02/2021,None,,nan,TCLO IMPR CONF LIVR CCRP ERCT ARCO MMEf*,A210702001,03/03/2021,20.71,4.0,prod,0.0,2,2021-02-18,,,True,,2,True
3,2110,107,3691596,IS0015730M,107B-DE-820-40,YP04,1,02/02/2021,12/03/2021,None,,nan,TCLO ARTM IMPR CONF LIVR CCRP ERCT MMEf*,A210702001,01/03/2021,765.12,22.0,prod,0.0,1,2021-03-12,,,True,,2,True
4,2110,107,3700584,IS0015730M,107B-DE-820-40,YP04,1,04/02/2021,16/03/2021,None,,nan,TCLO ARTM IMPR CONF LIVR CCRP ERCT MMEf*,A210701970,10/03/2021,765.12,22.0,prod,0.0,1,2021-03-16,,,True,,2,True
5,2110,107,3701570,IS0028165M,107B-800VU-COA-40,YP04,1,15/03/2021,22/03/2021,None,,nan,TCLO IPRP CONF LIVR CCRP ERCT ARCO MMEf*,A210701970,10/03/2021,20.71,4.0,prod,0.0,2,2021-03-22,,,True,,2,True
6,2110,107,3697577,IS0015730M,107B-DE-820-40,YP04,1,16/02/2021,26/03/2021,None,,nan,TCLO IMPR CONF LIVR CCRP ERCT ARCO MMEf*,A210702003,19/03/2021,765.12,22.0,prod,0.0,1,2021-03-26,,,True,,2,True
7,2110,107,3713842,IS0028165M,107B-800VU-COA-40,YP04,1,23/03/2021,30/03/2021,None,,nan,TCLO IPRP CONF LIVR CCRP ERCT ARCO MMEf*,A210702003,29/03/2021,20.71,4.0,prod,0.0,2,2021-03-30,,,True,,2,True
8,2110,107,3713841,IS0028108M,107A-800VU-COA-40,YP04,1,07/04/2021,14/04/2021,None,,nan,TCLO IPRP CONF LIVR CCRP ERCT ARCO MMEf*,A110702011,19/04/2021,20.71,4.0,prod,0.0,2,2021-04-14,,,True,,2,True
9,2110,107,3703052,IS0015730M,107B-DE-820-40,YP04,1,08/03/2021,15/04/2021,None,,nan,TCLO ARTM IPRP CONF LIVR CCRP ERCT MMEf*,A210702002,08/04/2021,765.12,22.0,prod,0.0,1,2021-04-15,,,True,,2,True
10,2110,107,3714427,IS0028165M,107B-800VU-COA-40,YP04,1,09/04/2021,20/04/2021,None,,nan,TCLO IPRP CONF LIVR CCRP ERCT ARCO MMEf*,A210702002,12/04/2021,20.71,4.0,prod,0.0,2,2021-04-20,,,True,,2,True
11,2110,107,3722216,IS0015667M,107A-DE-820-40,YP04,1,19/03/2021,28/04/2021,None,,nan,TCLO ARTM IMPR CONF LIVR CCRP ERCT MMEf*,A110702011,19/04/2021,765.12,22.0,prod,1.0,1,2021-04-28,,,True,,2,True
12,2110,107,3746964,IS0015730M,107B-DE-820-40,YP04,1,22/04/2021,18/05/2021,None,,nan,TCLO IMPR CONF LIVR CCRP MMEf PART RIMP,A210701995,29/04/2021,765.12,22.0,prod,0.0,1,2021-05-18,,,True,,2,True
13,2110,107,3746962,IS0028165M,107B-800VU-COA-40,YP04,1,06/05/2021,18/05/2021,None,,nan,TCLO IMPR CONF LIVR CCRP ARCO MMEf RIMP,A210701995,29/04/2021,20.71,4.0,prod,0.0,2,2021-05-18,,,True,,2,True
14,2110,107,3737360,IS0028165M,107B-800VU-COA-40,YP04,1,12/04/2021,25/05/2021,None,,nan,TCLO IPRP CONF LIVR CCRP ERCT ARCO MMEf*,A210702004,17/05/2021,20.71,4.0,prod,0.0,2,2021-05-25,,,True,,2,True
15,2110,107,3729660,IS0015730M,107B-DE-820-40,YP04,1,12/04/2021,25/05/2021,None,,nan,TCLO IPRP CONF LIVR CCRP ERCT ARCO MMEf*,A210702004,17/05/2021,765.12,22.0,prod,0.0,1,2021-05-25,,,True,,2,True
16,2110,107,3737354,IS0015730M,107B-DE-820-40,YP04,1,26/04/2021,08/06/2021,None,,nan,TCLO IMPR CONF LIVR CCRP ERCT ARCO MMEf*,A210702006,24/05/2021,765.12,22.0,prod,0.0,1,2021-06-08,,,True,,2,True
17,2110,107,3737361,IS0028165M,107B-800VU-COA-40,YP04,1,26/04/2021,08/06/2021,None,,nan,TCLO IPRP CONF LIVR CCRP ERCT ARCO MMEf*,A210702006,24/05/2021,20.71,4.0,prod,0.0,2,2021-06-08,,,True,,2,True
18,2110,107,3766142,IS0028108M,107A-800VU-COA-40,YP04,1,08/06/2021,15/06/2021,None,,nan,TCLO IMPR CONF LIVR CCRP ERCT ARCO MMEf*,A110702007,07/06/2021,20.71,4.0,prod,0.0,2,2021-06-15,,,True,,2,True
19,2110,107,3740787,IS0015667M,107A-DE-820-40,YP04,1,17/05/2021,24/06/2021,None,,nan,TCLO IMPR CONF LIVR CCRP ERCT ARCO MMEf*,A110702007,07/06/2021,765.12,22.0,prod,1.0,1,2021-06-24,,,True,,2,True
20,2110,107,3766143,IS0028165M,107B-800VU-COA-40,YP04,1,21/06/2021,25/06/2021,None,,nan,TCLO IMPR CONF LIVR CCRP ERCT ARCO MMEf*,A210702000,30/06/2021,20.71,4.0,prod,0.0,2,2021-06-25,,,True,,2,True
21,2110,107,3757519,IS0015730M,107B-DE-820-40,YP04,1,01/06/2021,08/07/2021,None,,nan,TCLO IMPR CONF LIVR CCRP ERCT ARCO MMEf*,A210702000,30/06/2021,765.12,22.0,prod,0.0,1,2021-07-08,,,True,,2,True
22,2110,107,3772548,IS0028165M,107B-800VU-COA-40,YP04,1,01/07/2021,08/07/2021,None,,nan,TCLO IPRP CONF LIVR CCRP ERCT ARCO MMEf*,A210701999,14/07/2021,20.71,4.0,prod,0.0,2,2021-07-08,,,True,,2,True
23,2110,107,3772543,IS0015730M,107B-DE-820-40,YP04,1,08/06/2021,16/07/2021,None,,nan,TCLO IMPR CONF LIVR CCRP ERCT ARCO MMEf*,A210701999,14/07/2021,765.12,22.0,prod,0.0,1,2021-07-16,,,True,,2,True
24,2110,107,3772509,IS0015667M,107A-DE-820-40,YP04,1,16/06/2021,20/08/2021,None,,nan,TCLO IMPR CONF LIVR CCRP ERCT ARCO MMEf*,A110702012,13/08/2021,765.12,22.0,prod,1.0,1,2021-08-20,,,True,,2,True
25,2110,107,3772547,IS0028108M,107A-800VU-COA-40,YP04,1,17/08/2021,22/08/2021,None,,nan,TCLO IPRP CONF LIVR CCRP ERCT ARCO MMEf*,A110702012,11/10/2021,20.71,4.0,prod,0.0,2,2021-08-22,,,True,,2,True
26,2110,107,3806010,IS0015730M,107B-DE-820-40,YP04,1,23/08/2021,14/09/2021,None,,nan,TCLO IMPR CONF LIVR CCRP ERCT ARCO MMEf*,A210702009,13/09/2021,765.12,22.0,prod,0.0,1,2021-09-14,,,True,,2,True
27,2110,107,3801724,IS0015730M,107B-DE-820-40,YP04,1,12/08/2021,17/09/2021,None,,nan,TCLO IMPR CONF LIVR CCRP ERCT ARCO MMEf*,A210702010,02/09/2021,765.12,22.0,prod,0.0,1,2021-09-17,,,True,,2,True
28,2110,107,3801687,IS0028165M,107B-800VU-COA-40,YP04,1,13/09/2021,17/09/2021,None,,nan,TCLO IMPR CONF LIVR CCRP ERCT ARCO MMEf*,A210702010,02/09/2021,20.71,4.0,prod,0.0,2,2021-09-17,,,True,,2,True
29,2110,107,3806023,IS0028165M,107B-800VU-COA-40,YP04,1,14/09/2021,22/09/2021,None,,nan,TCLO IPRP CONF LIVR CCRP ERCT ARCO MMEf*,A210702009,13/09/2021,20.71,4.0,prod,0.0,2,2021-09-22,,,True,,2,True
30,2110,107,3826592,IS0028165M,107B-800VU-COA-40,YP04,1,13/10/2021,13/10/2021,None,,nan,TCLO IMPR CONF LIVR CCRP ERCT ARCO MMEf*,A210702014,15/10/2021,20.71,4.0,prod,0.0,2,2021-10-13,,,True,,2,True
31,2110,107,3823658,IS0028165M,107B-800VU-COA-40,YP04,1,09/10/2021,13/10/2021,None,,nan,TCLO IPRP CONF LIVR CCRP ERCT ARCO MMEf*,A210702013,27/09/2021,20.71,4.0,prod,0.0,2,2021-10-13,,,True,,2,True
32,2110,107,3816047,IS0015730M,107B-DE-820-40,YP04,1,07/09/2021,13/10/2021,None,,nan,TCLO IMPR CONF LIVR CCRP ERCT ARCO MMEf*,A210702013,27/09/2021,765.12,22.0,prod,0.0,1,2021-10-13,,,True,,2,True
33,2110,107,3823653,IS0015730M,107B-DE-820-40,YP04,1,24/09/2021,13/10/2021,None,,nan,TCLO IMPR CONF LIVR CCRP ERCT ARCO MMEf*,A210702014,15/10/2021,765.12,22.0,prod,0.0,1,2021-10-13,,,True,,2,True
34,2110,107,3843317,IS0028108M,107A-800VU-COA-40,YP04,1,03/11/2021,08/11/2021,None,,nan,TCLO IPRP CONF LIVR CCRP ERCT ARCO MMEf*,A110702015,08/11/2021,20.71,4.0,prod,0.0,2,2021-11-08,,,True,,2,True
35,2110,177,3851808,IS0014648M,177A-915LR,YP04,1,04/11/2021,08/11/2021,None,,nan,TCLO IMPR CONF LIVR CCRP ARCO MMEf RIMP,A117702010,04/11/2021,123.493315543289,18.0,prod,0.0,3,2021-11-08,,,True,,2,True
36,2110,107,3826588,IS0015667M,107A-DE-820-40,YP04,1,07/10/2021,15/11/2021,None,,nan,TCLO IMPR CONF LIVR CCRP ERCT ARCO MMEf*,A110702015,08/11/2021,765.12,22.0,prod,1.0,1,2021-11-15,,,True,,2,True
37,2110,177,3852132,IS0014648M,177A-915LR,YP04,1,11/11/2021,22/11/2021,None,,nan,TCLO IPRP CONF LIVR CCRP ARCO MMEf RIMP,A117702009,15/11/2021,123.493315543289,18.0,prod,0.0,3,2021-11-22,,,True,,2,True
38,2110,107,3842175,IS0015730M,107B-DE-820-40,YP04,1,04/11/2021,29/11/2021,None,,nan,TCLO ARTM IPRP CONF LIVR CCRP ERCT MMEf*,A210702016,25/11/2021,765.12,22.0,prod,0.0,1,2021-11-29,,,True,,2,True
39,2110,107,3851893,IS0028165M,107B-800VU-COA-40,YP04,1,11/11/2021,29/11/2021,None,,nan,TCLO IPRP CONF LIVR CCRP ERCT ARCO MMEf*,A210702016,25/11/2021,20.71,4.0,prod,0.0,2,2021-11-29,,,True,,2,True
40,2110,177,3855092,IS0014648M,177A-915LR,YP04,1,29/11/2021,30/11/2021,None,,nan,TCLO IPRP CONF LIVR CCRP ARCO MMEf RIMP,A117702013,29/11/2021,123.493315543289,18.0,prod,0.0,3,2021-11-30,,,True,,2,True
41,2110,107,3854893,IS0015730M,107B-DE-820-40,YP04,1,02/12/2021,27/12/2021,None,,nan,TCLO ARTM IMPR CONF LIVR CCRP ERCT MMEf*,A210702017,14/12/2021,765.12,22.0,prod,0.0,1,2021-12-27,,,True,,2,True
42,2110,107,3858770,IS0028165M,107B-800VU-COA-40,YP04,1,18/11/2021,27/12/2021,None,,nan,TCLO IPRP CONF LIVR CCRP ERCT ARCO MMEf*,A210702017,14/12/2021,20.71,4.0,prod,0.0,2,2021-12-27,,,True,,2,True
43,2110,177,3862648,IS0014648M,177A-915LR,YP04,1,22/12/2021,03/01/2022,None,,nan,TCLO IMPR CONF LIVR CCRP MMEf PART RIMP,A117702014,28/12/2021,123.493315543289,18.0,prod,0.0,3,2022-01-03,,,True,,2,True
44,2110,177,3870136,IS0014648M,177A-915LR,YP04,1,30/12/2021,03/01/2022,None,,nan,TCLO IMPR CONF LIVR CCRP MMEf PART RIMP,A117702015,30/12/2021,123.493315543289,18.0,prod,0.0,3,2022-01-03,,,True,,2,True
45,2110,107,3862460,IS0015730M,107B-DE-820-40,YP04,1,24/12/2021,07/01/2022,None,,nan,TCLO ARTM IPRP CONF LIVR CCRP ERCT MMEf*,A210702018,11/01/2022,765.12,22.0,prod,0.0,1,2022-01-07,,,True,,2,True
46,2110,107,3869829,IS0028165M,107B-800VU-COA-40,YP04,1,24/12/2021,07/01/2022,None,,nan,TCLO IPRP CONF LIVR CCRP ERCT ARCO MMEf*,A210702018,11/01/2022,20.71,4.0,prod,0.0,2,2022-01-07,,,True,,2,True
47,2110,177,3882967,IS0014648M,177A-915LR,YP04,1,17/01/2022,21/01/2022,None,,nan,TCLO IMPR CONF LIVR CCRP ARCO MMEf RIMP,A117702016,21/01/2022,123.493315543289,18.0,prod,0.0,3,2022-01-21,,,True,,2,True
48,2110,107,3869822,IS0015730M,107B-DE-820-40,YP04,1,13/01/2022,28/01/2022,None,,nan,TCLO IMPR CONF LIVR CCRP ERCT ARCO MMEf*,A210702019,28/01/2022,765.12,22.0,prod,0.0,1,2022-01-28,,,True,,2,True
49,2110,107,3879386,IS0028165M,107B-800VU-COA-40,YP04,1,13/01/2022,28/01/2022,None,,nan,TCLO IPRP CONF LIVR CCRP ERCT ARCO MMEf*,A210702019,28/01/2022,20.71,4.0,prod,0.0,2,2022-01-28,,,True,,2,True
50,2110,107,3883786,IS0015730M,107B-DE-820-40,YP04,1,26/01/2022,09/02/2022,None,,nan,TCLO IPRP CONF LIVR CCRP ERCT ARCO MMEf*,A210702020,09/02/2022,765.12,22.0,prod,0.0,1,2022-02-09,,,True,,2,True
51,2110,107,3892575,IS0028165M,107B-800VU-COA-40,YP04,1,26/01/2022,09/02/2022,None,,nan,TCLO ARTM IPRP CONF LIVR CCRP ERCT MMEf*,A210702020,09/02/2022,20.71,4.0,prod,0.0,2,2022-02-09,,,True,,2,True
52,2110,177,3888657,IS0014648M,177A-915LR,YP04,1,11/02/2022,11/02/2022,None,,nan,TCLO IMPR CONF LIVR CCRP MMEf PART RIMP,A117702017,14/02/2022,123.493315543289,18.0,prod,0.0,3,2022-02-11,,,True,,2,True
53,2110,177,6001371,IS0014648M,177A-915LR,YP04,1,25/02/2022,25/02/2022,None,,nan,TCLO IMPR CONF LIVR CCRP MMEf PART RIMP,A117702018,28/02/2022,123.493315543289,18.0,prod,0.0,3,2022-02-25,,,True,,2,True
54,2110,107,3896140,IS0015730M,107B-DE-820-40,YP04,1,11/02/2022,25/02/2022,None,,nan,TCLO IMPR CONF LIVR CCRP ERCT ARCO MMEf*,A210702021,25/02/2022,765.12,22.0,prod,0.0,1,2022-02-25,,,True,,2,True
55,2110,107,3902345,IS0028165M,107B-800VU-COA-40,YP04,1,08/02/2022,25/02/2022,None,,nan,TCLO ARTM IPRP CONF LIVR CCRP ERCT MMEf*,A210702021,25/02/2022,20.71,4.0,prod,0.0,2,2022-02-25,,,True,,2,True
56,2110,107,3900151,IS0015667M,107A-DE-820-40,YP04,1,03/03/2022,09/03/2022,None,,nan,TCLO IMPR CONF LIVR CCRP ERCT ARCO MMEf*,A110702022,09/03/2022,765.12,22.0,prod,1.0,1,2022-03-09,,,True,,2,True
57,2110,107,6008316,IS0028108M,107A-800VU-COA-40,YP04,1,04/03/2022,09/03/2022,None,,nan,TCLO IPRP CONF LIVR CCRP ERCT ARCO MMEf*,A110702022,10/03/2022,20.71,4.0,prod,0.0,2,2022-03-09,,,True,,2,True
58,2110,177,6008370,IS0014648M,177A-915LR,YP04,1,07/03/2022,10/03/2022,None,,nan,TCLO IMPR CONF LIVR CCRP ARCO MMEf RIMP,A117702019,09/03/2022,123.493315543289,18.0,prod,0.0,3,2022-03-10,,,True,,2,True
59,2110,177,6016024,IS0014648M,177A-915LR,YP04,1,21/03/2022,24/03/2022,None,,nan,TCLO IMPR CONF LIVR CCRP ARCO MMEf RIMP,A117702020,28/03/2022,123.493315543289,18.0,prod,0.0,3,2022-03-24,,,True,,2,True
60,2110,107,6008342,IS0015667M,107A-DE-820-40,YP04,1,07/03/2022,28/03/2022,None,,nan,TCLO IMPR CONF LIVR CCRP ERCT ARCO MMEf*,A110702023,22/03/2022,765.12,22.0,prod,1.0,1,2022-03-28,,,True,,2,True
61,2110,107,6013025,IS0028108M,107A-800VU-COA-40,YP04,1,11/03/2022,28/03/2022,None,,nan,TCLO IMPR CONF LIVR CCRP ERCT ARCO MMEf*,A110702023,22/03/2022,20.71,4.0,prod,0.0,2,2022-03-28,,,True,,2,True
62,2110,177,6023522,IS0014648M,177A-915LR,YP04,1,01/04/2022,05/04/2022,None,,nan,TCLO IMPR CONF LIVR CCRP ARCO MMEf RIMP,A117702021,04/04/2022,123.493315543289,18.0,prod,0.0,3,2022-04-05,,,True,,2,True
63,2110,177,6033309,IS0014648M,177A-915LR,YP04,1,12/04/2022,13/04/2022,None,,nan,TCLO IMPR CONF LIVR CCRP ARCO MMEf RIMP,A117702022,14/04/2022,123.493315543289,18.0,prod,0.0,3,2022-04-13,,,True,,2,True
64,2110,107,6023495,IS0028165M,107B-800VU-COA-40,YP04,1,12/04/2022,19/04/2022,None,,nan,TCLO IPRP CONF LIVR CCRP ERCT ARCO MMEf*,A210702024,14/04/2022,20.71,4.0,prod,0.0,2,2022-04-19,,,True,,2,True
65,2110,107,6012939,IS0015730M,107B-DE-820-40,YP04,1,29/03/2022,19/04/2022,None,,nan,TCLO IMPR CONF LIVR CCRP ERCT ARCO MMEf*,A210702024,14/04/2022,765.12,22.0,prod,0.0,1,2022-04-19,,,True,,2,True
66,2110,177,6037974,IS0014648M,177A-915LR,YP04,1,02/05/2022,02/05/2022,None,,nan,TCLO IMPR CONF LIVR CCRP ARCO MMEf RIMP,A117702023,28/04/2022,123.493315543289,18.0,prod,0.0,3,2022-05-02,,,True,,2,True
67,2110,107,6023493,IS0015730M,107B-DE-820-40,YP04,1,25/04/2022,06/05/2022,None,,nan,TCLO IMPR CONF LIVR CCRP ERCT ARCO MMEf*,A210702025,28/04/2022,765.12,22.0,prod,0.0,1,2022-05-06,,,True,,2,True
68,2110,107,6024172,IS0028165M,107B-800VU-COA-40,YP04,1,06/05/2022,06/05/2022,None,,nan,TCLO IMPR CONF LIVR CCRP ERCT ARCO MMEf*,A210702025,28/04/2022,20.71,4.0,prod,0.0,2,2022-05-06,,,True,,2,True
69,2110,107,6029658,IS0028165M,107B-800VU-COA-40,YP04,1,16/05/2022,17/05/2022,None,,nan,TCLO IPRP CONF LIVR CCRP ERCT ARCO MMEf*,A210702026,17/05/2022,20.71,4.0,prod,0.0,2,2022-05-17,,,True,,2,True
70,2110,177,6037975,IS0014648M,177A-915LR,YP04,1,23/05/2022,23/05/2022,None,,nan,TCLO IMPR CONF LIVR CCRP ARCO MMEf RIMP,A117702024,23/05/2022,123.493315543289,18.0,prod,0.0,3,2022-05-23,,,True,,2,True
71,2110,107,6024117,IS0015730M,107B-DE-820-40,YP04,1,09/05/2022,27/05/2022,None,,nan,TCLO IMPR CONF LIVR CCRP ERCT ARCO MMEf*,A210702026,17/05/2022,765.12,22.0,prod,0.0,1,2022-05-27,,,True,,2,True
72,2110,177,6051612,IS0014648M,177A-915LR,YP04,1,30/05/2022,30/05/2022,None,,nan,TCLO IMPR CONF LIVR CCRP ARCO MMEf RIMP,A117702025,26/05/2022,123.493315543289,18.0,prod,0.0,3,2022-05-30,,,True,,2,True
73,2110,107,6051626,IS0028165M,107B-800VU-COA-40,YP04,1,23/05/2022,30/05/2022,None,,nan,TCLO IPRP CONF LIVR CCRP ERCT ARCO MMEf*,A210702028,31/05/2022,20.71,4.0,prod,0.0,2,2022-05-30,,,True,,2,True
74,2110,107,6051617,IS0015730M,107B-DE-820-40,YP04,1,20/05/2022,30/05/2022,None,,nan,TCLO IMPR CONF LIVR CCRP ERCT ARCO MMEf*,A210702028,31/05/2022,765.12,22.0,prod,0.0,1,2022-05-30,,,True,,2,True
75,2110,177,6065467,IS0014648M,177A-915LR,YP04,1,03/06/2022,07/06/2022,None,,nan,TCLO IMPR CONF LIVR CCRP ARCO MMEf RIMP,A117702026,07/06/2022,123.493315543289,18.0,prod,0.0,3,2022-06-07,,,True,,2,True
76,2110,107,6058306,IS0015667M,107A-DE-820-40,YP04,1,30/05/2022,13/06/2022,None,,nan,TCLO IMPR CONF LIVR CCRP ERCT ARCO MMEf*,A110702030,10/06/2022,765.12,22.0,prod,1.0,1,2022-06-13,,,True,,2,True
77,2110,107,6065478,IS0028108M,107A-800VU-COA-40,YP04,1,02/06/2022,13/06/2022,None,,nan,TCLO IMPR CONF LIVR CCRP ERCT ARCO MMEf*,A110702030,10/06/2022,20.71,4.0,prod,0.0,2,2022-06-13,,,True,,2,True
78,2110,177,6077092,IS0014648M,177A-915LR,YP04,1,20/06/2022,21/06/2022,None,,nan,TCLO ARTM IMPR CONF LIVR CCRP MMEf RIMP,A117702028,21/06/2022,123.493315543289,18.0,prod,0.0,3,2022-06-21,,,True,,2,True
79,2110,107,6071708,IS0028165M,107B-800VU-COA-40,YP04,1,14/06/2022,22/06/2022,None,,nan,TCLO IPRP CONF LIVR CCRP ERCT ARCO MMEf*,A210702029,23/06/2022,20.71,4.0,prod,0.0,2,2022-06-22,,,True,,2,True
80,2110,107,6065469,IS0015730M,107B-DE-820-40,YP04,1,13/06/2022,27/06/2022,None,,nan,TCLO IMPR CONF LIVR CCRP ERCT ARCO MMEf*,A210702029,23/06/2022,765.12,22.0,prod,0.0,1,2022-06-27,,,True,,2,True
81,2110,107,6080753,IS0028165M,107B-800VU-COA-40,YP04,1,24/06/2022,06/07/2022,None,,nan,TCLO ARTM IPRP CONF LIVR CCRP ERCT MMEf*,A210702031,01/07/2022,20.71,4.0,prod,0.0,2,2022-07-06,,,True,,2,True
82,2110,107,6071694,IS0015730M,107B-DE-820-40,YP04,1,27/06/2022,06/07/2022,None,,nan,TCLO IMPR CONF LIVR CCRP ERCT ARCO MMEf*,A210702031,01/07/2022,765.12,22.0,prod,0.0,1,2022-07-06,,,True,,2,True
83,2110,107,6084054,IS0028165M,107B-800VU-COA-40,YP04,1,06/07/2022,18/07/2022,None,,nan,TCLO ARTM IMPR CONF LIVR CCRP ERCT MMEf*,A210702032,14/07/2022,20.71,4.0,prod,0.0,2,2022-07-18,,,True,,2,True
84,2110,107,6084046,IS0015730M,107B-DE-820-40,YP04,1,04/07/2022,18/07/2022,None,,nan,TCLO IMPR CONF LIVR CCRP ERCT ARCO MMEf*,A210702032,14/07/2022,765.12,22.0,prod,0.0,1,2022-07-18,,,True,,2,True
85,2110,177,6084041,IS0014648M,177A-915LR,YP04,1,08/08/2022,10/08/2022,None,,nan,TCLO ARTM IMPR CONF LIVR CCRP MMEf RIMP,A117702030,09/08/2022,123.493315543289,18.0,prod,0.0,3,2022-08-10,,,True,,2,True
86,2110,107,6098323,IS0028165M,107B-800VU-COA-40,YP04,1,09/08/2022,10/08/2022,None,,nan,TCLO IMPR CONF LIVR CCRP ERCT ARCO MMEf*,A210702033,09/08/2022,20.71,4.0,prod,0.0,2,2022-08-10,,,True,,2,True
87,2110,107,6085608,IS0015730M,107B-DE-820-40,YP04,1,15/07/2022,10/08/2022,None,,nan,TCLO IMPR CONF LIVR CCRP ERCT ARCO MMEf*,A210702033,09/08/2022,765.12,22.0,prod,0.0,1,2022-08-10,,,True,,2,True
88,2110,177,6087845,IS0014648M,177A-915LR,YP04,1,22/08/2022,24/08/2022,None,,nan,TCLO IMPR CONF LIVR CCRP ARCO MMEf RIMP,A117702029,24/08/2022,123.493315543289,18.0,prod,0.0,3,2022-08-24,,,True,,2,True
89,2110,107,6098324,IS0028165M,107B-800VU-COA-40,YP04,1,15/08/2022,30/08/2022,None,,nan,TCLO ARTM IMPR CONF LIVR CCRP ERCT MMEf*,A210702034,22/08/2022,20.71,4.0,prod,0.0,2,2022-08-30,,,True,,2,True
90,2110,107,6098313,IS0015730M,107B-DE-820-40,YP04,1,08/08/2022,30/08/2022,None,,nan,TCLO IMPR CONF LIVR CCRP ERCT ARCO MMEf*,A210702034,22/08/2022,765.12,22.0,prod,0.0,1,2022-08-30,,,True,,2,True
91,2110,107,6103120,IS0028165M,107B-800VU-COA-40,YP04,1,09/08/2022,05/09/2022,None,,nan,LANC IMPR CNFP LIVR CCRP ERCT ARCO MMEf*,A210702035,02/09/2022,20.71,4.0,prod,0.0,2,2022-09-05,,,True,,2,True
92,2110,107,6102704,IS0015730M,107B-DE-820-40,YP04,1,23/08/2022,05/09/2022,None,,nan,LANC ARTM IMPR CNFP LIVR CCRP ERCT MMEf*,A210702035,02/09/2022,765.12,22.0,prod,0.0,1,2022-09-05,,,True,,2,True
93,2110,177,6098303,IS0014648M,177A-915LR,YP04,1,08/09/2022,14/09/2022,None,02/09/2022,10.0,LANC ARTM IMPR CCRP RIMP,A117702031,,123.493315543289,18.0,prod,0.0,3,2022-09-02,2022-09-14 06:00:00,,False,2022-09-14 06:00:00,2,True
94,2110,107,6123521,IS0028108M,107A-800VU-COA-40,YP04,1,05/09/2022,12/09/2022,None,07/09/2022,10.0,LANC ARTM IMPR CCRP ERCT MMEf RIMP,A110702036,,20.71,4.0,prod,0.0,2,2022-09-07,2022-09-12 06:00:00,,False,2022-09-12 06:00:00,2,True
95,2110,107,6113049,IS0015667M,107A-DE-820-40,YP04,1,05/09/2022,12/09/2022,None,07/09/2022,10.0,LANC ARTM IMPR CNFP CCRP ERCT MMEf RIMP,A110702036,,765.12,22.0,prod,1.0,1,2022-09-07,2022-09-12 06:00:00,,False,2022-09-12 06:00:00,2,True
96,2110,177,6098304,IS0014648M,177A-915LR,YP04,1,19/09/2022,26/09/2022,None,13/09/2022,10.0,LANC ARTM IMPR CCRP RIMP,A117702032,,123.493315543289,18.0,prod,0.0,3,2022-09-13,,,False,2022-09-21 22:00:00,2,True
97,2110,107,981235919,IS0028165M,107B-800VU-COA-40,KD,1,20/09/2022,27/09/2022,X,20/09/2022,10.0,None,A210702037,,20.71,4.0,prod,0.0,2,2022-09-20,,,False,2022-10-03 09:12:00,2,True
98,2110,107,6123445,IS0015730M,107B-DE-820-40,YP04,1,05/09/2022,22/09/2022,None,20/09/2022,10.0,LANC ARTM IMPR CCRP ERCT MMEf RIMP,A210702037,,765.12,22.0,prod,0.0,1,2022-09-20,,,False,2022-10-13 09:00:00,2,True
99,2110,177,980824321,IS0014648M,177A-915LR,KD,1,20/09/2022,21/09/2022,X,23/09/2022,15.0,None,A117702033,,123.493315543289,18.0,prod,0.0,3,2022-09-23,,,False,2022-10-25 09:00:00,2,True
100,2110,177,980824322,IS0014648M,177A-915LR,KD,1,29/09/2022,30/09/2022,X,10/10/2022,15.0,None,A117702034,,123.493315543289,18.0,prod,0.0,3,2022-10-10,,,False,2022-11-03 12:12:00,2,True
101,2110,107,981235920,IS0028165M,107B-800VU-COA-40,KD,1,30/09/2022,07/10/2022,X,13/10/2022,15.0,None,A210702038,,20.71,4.0,prod,0.0,2,2022-10-13,,,False,2022-11-14 15:12:00,2,True
102,2110,107,981235807,IS0015730M,107B-DE-820-40,KD,1,21/09/2022,07/10/2022,X,13/10/2022,15.0,None,A210702038,,765.12,22.0,prod,0.0,1,2022-10-13,,,False,2022-11-24 15:00:00,2,True
103,2110,177,980824324,IS0014648M,177A-915LR,KD,1,11/10/2022,12/10/2022,X,19/10/2022,15.0,None,A117702036,,123.493315543289,18.0,prod,0.0,3,2022-10-19,,,False,2022-12-06 15:00:00,2,True
104,2110,177,980824323,IS0014648M,177A-915LR,KD,1,20/10/2022,21/10/2022,X,20/10/2022,10.0,None,A117702035,,123.493315543289,18.0,prod,0.0,3,2022-10-20,,,False,2022-12-15 18:12:00,2,True
105,2110,107,981235808,IS0015730M,107B-DE-820-40,KD,1,03/10/2022,19/10/2022,X,25/10/2022,15.0,None,A210702039,,765.12,22.0,prod,0.0,1,2022-10-25,,,False,1900-01-01 06:00:00,2,True
106,2110,107,981235921,IS0028165M,107B-800VU-COA-40,KD,1,12/10/2022,19/10/2022,X,25/10/2022,15.0,None,A210702039,,20.71,4.0,prod,0.0,2,2022-10-25,,,False,1900-01-01 06:00:00,2,True
107,2110,107,981235922,IS0028165M,107B-800VU-COA-40,KD,1,24/10/2022,31/10/2022,X,07/11/2022,15.0,None,A210702040,,20.71,4.0,prod,0.0,2,2022-11-07,,,False,1900-01-01 06:00:00,2,True
108,2110,107,981235809,IS0015730M,107B-DE-820-40,KD,1,13/10/2022,31/10/2022,X,07/11/2022,15.0,None,A210702040,,765.12,22.0,prod,0.0,1,2022-11-07,,,False,1900-01-01 06:00:00,2,True
109,2110,177,980824325,IS0014648M,177A-915LR,KD,1,31/10/2022,01/11/2022,X,10/11/2022,15.0,None,A117702037,,123.493315543289,18.0,prod,0.0,3,2022-11-10,,,False,1900-01-01 06:00:00,2,True
110,2110,107,981235810,IS0015730M,107B-DE-820-40,KD,1,25/10/2022,10/11/2022,X,17/11/2022,15.0,None,A210702042,,765.12,22.0,prod,0.0,1,2022-11-17,,,False,1900-01-01 06:00:00,2,True
111,2110,107,981235923,IS0028165M,107B-800VU-COA-40,KD,1,03/11/2022,10/11/2022,X,17/11/2022,15.0,None,A210702042,,20.71,4.0,prod,0.0,2,2022-11-17,,,False,1900-01-01 06:00:00,2,True
112,2110,177,980824326,IS0014648M,177A-915LR,KD,1,09/11/2022,10/11/2022,X,21/11/2022,15.0,None,A117702038,,123.493315543289,18.0,prod,0.0,3,2022-11-21,,,False,1900-01-01 06:00:00,2,True
113,2110,107,981235938,IS0015667M,107A-DE-820-40,KD,1,04/11/2022,22/11/2022,X,28/11/2022,15.0,None,A110702043,,765.12,22.0,prod,1.0,1,2022-11-28,,,False,1900-01-01 06:00:00,2,True
114,2110,107,981235953,IS0028108M,107A-800VU-COA-40,KD,1,15/11/2022,22/11/2022,X,28/11/2022,15.0,None,A110702043,,20.71,4.0,prod,0.0,2,2022-11-28,,,False,1900-01-01 06:00:00,2,True
115,2110,177,980824327,IS0014648M,177A-915LR,KD,1,18/11/2022,21/11/2022,X,05/12/2022,15.0,None,A117702039,,123.493315543289,18.0,prod,0.0,3,2022-12-05,,,False,1900-01-01 06:00:00,2,True
116,2110,107,980941382,IS0015730M,107B-DE-820-40,KD,1,16/11/2022,02/12/2022,X,07/12/2022,15.0,None,A210702044,,765.12,22.0,prod,0.0,1,2022-12-07,,,False,1900-01-01 06:00:00,2,True
117,2110,107,980941516,IS0028165M,107B-800VU-COA-40,KD,1,25/11/2022,02/12/2022,X,07/12/2022,15.0,None,A210702044,,20.71,4.0,prod,0.0,2,2022-12-07,,,False,1900-01-01 06:00:00,2,True
118,2110,107,981136436,IS0015730M,107B-DE-820-40,KD,1,28/11/2022,14/12/2022,X,20/12/2022,15.0,None,A210702045,,765.12,22.0,prod,0.0,1,2022-12-20,,,False,1900-01-01 06:00:00,2,True
119,2110,107,981136487,IS0028165M,107B-800VU-COA-40,KD,1,07/12/2022,14/12/2022,X,20/12/2022,15.0,None,A210702045,,20.71,4.0,prod,0.0,2,2022-12-20,,,False,1900-01-01 06:00:00,2,True
120,2110,177,980824328,IS0014648M,177A-915LR,KD,1,30/11/2022,01/12/2022,X,21/12/2022,15.0,None,A117702040,,123.493315543289,18.0,prod,0.0,3,2022-12-21,,,False,1900-01-01 06:00:00,2,True
121,2110,177,980824329,IS0014648M,177A-915LR,KD,1,09/12/2022,12/12/2022,X,30/12/2022,15.0,None,A117702042,,123.493315543289,18.0,prod,0.0,3,2022-12-30,,,False,1900-01-01 06:00:00,2,True
122,2110,107,980941383,IS0015730M,107B-DE-820-40,KD,1,08/12/2022,02/01/2023,X,05/01/2023,15.0,None,A210702046,,765.12,22.0,prod,0.0,1,2023-01-05,,,False,1900-01-01 06:00:00,2,True
123,2110,107,980941517,IS0028165M,107B-800VU-COA-40,KD,1,19/12/2022,02/01/2023,X,05/01/2023,15.0,None,A210702046,,20.71,4.0,prod,0.0,2,2023-01-05,,,False,1900-01-01 06:00:00,2,True
124,2110,177,980824330,IS0014648M,177A-915LR,KD,1,20/12/2022,21/12/2022,X,10/01/2023,15.0,None,A117702043,,123.493315543289,18.0,prod,0.0,3,2023-01-10,,,False,1900-01-01 06:00:00,2,True
125,2110,107,980839367,IS0015730M,107B-DE-820-40,KD,1,20/12/2022,12/01/2023,X,18/01/2023,15.0,None,A210702047,,765.12,22.0,prod,0.0,1,2023-01-18,,,False,1900-01-01 06:00:00,2,True
126,2110,107,980842110,IS0028165M,107B-800VU-COA-40,KD,1,05/01/2023,12/01/2023,X,18/01/2023,15.0,None,A210702047,,20.71,4.0,prod,0.0,2,2023-01-18,,,False,1900-01-01 06:00:00,2,True
127,2110,177,980824331,IS0014648M,177A-915LR,KD,1,05/01/2023,06/01/2023,X,19/01/2023,15.0,None,A117702044,,123.493315543289,18.0,prod,0.0,3,2023-01-19,,,False,1900-01-01 06:00:00,2,True
128,2110,107,980842111,IS0028165M,107B-800VU-COA-40,KD,1,17/01/2023,24/01/2023,X,27/01/2023,15.0,None,A210702048,,20.71,4.0,prod,0.0,2,2023-01-27,,,False,1900-01-01 06:00:00,2,True
129,2110,107,980839368,IS0015730M,107B-DE-820-40,KD,1,06/01/2023,24/01/2023,X,27/01/2023,15.0,None,A210702048,,765.12,22.0,prod,0.0,1,2023-01-27,,,False,1900-01-01 06:00:00,2,True
130,2110,177,980824332,IS0014648M,177A-915LR,KD,1,16/01/2023,17/01/2023,X,31/01/2023,15.0,None,A117702045,,123.493315543289,18.0,prod,0.0,3,2023-01-31,,,False,1900-01-01 06:00:00,2,True
131,2110,107,980839369,IS0015730M,107B-DE-820-40,KD,1,18/01/2023,03/02/2023,X,07/02/2023,15.0,None,A210702049,,765.12,22.0,prod,0.0,1,2023-02-07,,,False,1900-01-01 06:00:00,2,True
132,2110,107,980842112,IS0028165M,107B-800VU-COA-40,KD,1,27/01/2023,03/02/2023,X,07/02/2023,15.0,None,A210702049,,20.71,4.0,prod,0.0,2,2023-02-07,,,False,1900-01-01 06:00:00,2,True
133,2110,177,980824333,IS0014648M,177A-915LR,KD,1,26/01/2023,27/01/2023,X,09/02/2023,15.0,None,A117702046,,123.493315543289,18.0,prod,0.0,3,2023-02-09,,,False,1900-01-01 06:00:00,2,True
134,2110,107,980839370,IS0015730M,107B-DE-820-40,KD,1,30/01/2023,15/02/2023,X,16/02/2023,15.0,None,A210702050,,765.12,22.0,prod,0.0,1,2023-02-16,,,False,1900-01-01 06:00:00,2,True
135,2110,107,980842113,IS0028165M,107B-800VU-COA-40,KD,1,08/02/2023,15/02/2023,X,16/02/2023,15.0,None,A210702050,,20.71,4.0,prod,0.0,2,2023-02-16,,,False,1900-01-01 06:00:00,2,True
136,2110,177,980824334,IS0014648M,177A-915LR,KD,1,17/02/2023,20/02/2023,None,,nan,None,A117702047,,123.493315543289,18.0,prod,0.0,3,2023-02-20,,,False,1900-01-01 06:00:00,2,True
137,2110,107,980842114,IS0028165M,107B-800VU-COA-40,KD,1,20/02/2023,27/02/2023,X,28/02/2023,15.0,None,A210702051,,20.71,4.0,prod,0.0,2,2023-02-28,,,False,1900-01-01 06:00:00,2,True
138,2110,107,980839371,IS0015730M,107B-DE-820-40,KD,1,09/02/2023,27/02/2023,X,28/02/2023,15.0,None,A210702051,,765.12,22.0,prod,0.0,1,2023-02-28,,,False,1900-01-01 06:00:00,2,True
139,2110,177,980824335,IS0014648M,177A-915LR,KD,1,28/02/2023,01/03/2023,None,,nan,None,A117702048,,123.493315543289,18.0,prod,0.0,3,2023-03-01,,,False,1900-01-01 06:00:00,2,True
140,2110,177,980824336,IS0014648M,177A-915LR,KD,1,08/03/2023,09/03/2023,None,,nan,None,A117702049,,123.493315543289,18.0,prod,0.0,3,2023-03-09,,,False,1900-01-01 06:00:00,2,True
141,2110,107,980842115,IS0028165M,107B-800VU-COA-40,KD,1,02/03/2023,09/03/2023,X,13/03/2023,15.0,None,A210702052,,20.71,4.0,prod,0.0,2,2023-03-13,,,False,1900-01-01 06:00:00,2,True
142,2110,107,980839372,IS0015730M,107B-DE-820-40,KD,1,21/02/2023,09/03/2023,X,13/03/2023,15.0,None,A210702052,,765.12,22.0,prod,0.0,1,2023-03-13,,,False,1900-01-01 06:00:00,2,True
143,2110,177,980824337,IS0014648M,177A-915LR,KD,1,17/03/2023,21/03/2023,None,,nan,None,A117702050,,123.493315543289,18.0,prod,0.0,3,2023-03-21,,,False,1900-01-01 06:00:00,2,True
144,2110,107,980839373,IS0015730M,107B-DE-820-40,KD,1,03/03/2023,22/03/2023,X,24/03/2023,15.0,None,A210702053,,765.12,22.0,prod,0.0,1,2023-03-24,,,False,1900-01-01 06:00:00,2,True
145,2110,107,980842116,IS0028165M,107B-800VU-COA-40,KD,1,14/03/2023,22/03/2023,X,24/03/2023,15.0,None,A210702053,,20.71,4.0,prod,0.0,2,2023-03-24,,,False,1900-01-01 06:00:00,2,True
146,2110,107,980839374,IS0015730M,107B-DE-820-40,KD,1,15/03/2023,03/04/2023,X,,nan,None,A210702054,,765.12,22.0,prod,0.0,1,2023-04-03,,,False,1900-01-01 06:00:00,2,True
147,2110,177,980824338,IS0014648M,177A-915LR,KD,1,31/03/2023,03/04/2023,None,,nan,None,A117702051,,123.493315543289,18.0,prod,0.0,3,2023-04-03,,,False,1900-01-01 06:00:00,2,True
148,2110,107,980842117,IS0028165M,107B-800VU-COA-40,KD,1,27/03/2023,03/04/2023,X,,nan,None,A210702054,,20.71,4.0,prod,0.0,2,2023-04-03,,,False,1900-01-01 06:00:00,2,True
149,2110,177,980824339,IS0014648M,177A-915LR,KD,1,11/04/2023,12/04/2023,None,,nan,None,A117702052,,123.493315543289,18.0,prod,0.0,3,2023-04-12,,,False,1900-01-01 06:00:00,2,True
150,2110,107,980839375,IS0015730M,107B-DE-820-40,KD,1,28/03/2023,13/04/2023,X,14/04/2023,15.0,None,A210702055,,765.12,22.0,prod,0.0,1,2023-04-14,,,False,1900-01-01 06:00:00,2,True
151,2110,107,980842118,IS0028165M,107B-800VU-COA-40,KD,1,06/04/2023,13/04/2023,X,14/04/2023,15.0,None,A210702055,,20.71,4.0,prod,0.0,2,2023-04-14,,,False,1900-01-01 06:00:00,2,True
152,2110,107,980941384,IS0015730M,107B-DE-820-40,KD,1,04/04/2023,24/04/2023,None,,nan,None,A210702056,,765.12,22.0,prod,0.0,1,2023-04-24,,,False,1900-01-01 06:00:00,2,True
153,2110,107,980941518,IS0028165M,107B-800VU-COA-40,KD,1,13/04/2023,24/04/2023,None,,nan,None,A210702056,,20.71,4.0,prod,0.0,2,2023-04-24,,,False,1900-01-01 06:00:00,2,True
154,2110,177,980824340,IS0014648M,177A-915LR,KD,1,28/04/2023,02/05/2023,None,,nan,None,A117702053,,123.493315543289,18.0,prod,0.0,3,2023-05-02,,,False,1900-01-01 06:00:00,2,True
155,2110,107,980941385,IS0015730M,107B-DE-820-40,KD,1,13/04/2023,04/05/2023,None,,nan,None,A210702057,,765.12,22.0,prod,0.0,1,2023-05-04,,,False,1900-01-01 06:00:00,2,True
156,2110,107,980941519,IS0028165M,107B-800VU-COA-40,KD,1,26/04/2023,04/05/2023,None,,nan,None,A210702057,,20.71,4.0,prod,0.0,2,2023-05-04,,,False,1900-01-01 06:00:00,2,True
157,2110,177,980824341,IS0014648M,177A-915LR,KD,1,09/05/2023,10/05/2023,None,,nan,None,A117702054,,123.493315543289,18.0,prod,0.0,3,2023-05-10,,,False,1900-01-01 06:00:00,2,True
158,2110,177,980824342,IS0014648M,177A-915LR,KD,1,22/05/2023,23/05/2023,None,,nan,None,A117702055,,123.493315543289,18.0,prod,0.0,3,2023-05-23,,,False,1900-01-01 06:00:00,2,True
159,2110,177,980824343,IS0014648M,177A-915LR,KD,1,30/05/2023,31/05/2023,None,,nan,None,A117702056,,123.493315543289,18.0,prod,0.0,3,2023-05-31,,,False,1900-01-01 06:00:00,2,True
160,2110,107,980839378,IS0015730M,107B-DE-820-40,KD,1,19/05/2023,06/06/2023,None,,nan,None,A210702058,,765.12,22.0,prod,0.0,1,2023-06-06,,,False,1900-01-01 06:00:00,2,True
161,2110,107,980842121,IS0028165M,107B-800VU-COA-40,KD,1,30/05/2023,06/06/2023,None,,nan,None,A210702058,,20.71,4.0,prod,0.0,2,2023-06-06,,,False,1900-01-01 06:00:00,2,True
162,2110,107,982024907,IS0015730M,107B-DE-820-40,KD,1,24/05/2023,09/06/2023,None,,nan,None,A210702059,,765.12,22.0,prod,0.0,1,2023-06-09,,,False,1900-01-01 06:00:00,2,True
163,2110,177,980824344,IS0014648M,177A-915LR,KD,1,08/06/2023,09/06/2023,None,,nan,None,A117702057,,123.493315543289,18.0,prod,0.0,3,2023-06-09,,,False,1900-01-01 06:00:00,2,True
164,2110,107,982025058,IS0028165M,107B-800VU-COA-40,KD,1,02/06/2023,09/06/2023,None,,nan,None,A210702059,,20.71,4.0,prod,0.0,2,2023-06-09,,,False,1900-01-01 06:00:00,2,True
165,2110,107,981575174,IS0015667M,107A-DE-820-40,KD,1,01/06/2023,19/06/2023,None,,nan,None,A110702060,,765.12,22.0,prod,1.0,1,2023-06-19,,,False,1900-01-01 06:00:00,2,True
166,2110,107,981575280,IS0028108M,107A-800VU-COA-40,KD,1,12/06/2023,19/06/2023,None,,nan,None,A110702060,,20.71,4.0,prod,0.0,2,2023-06-19,,,False,1900-01-01 06:00:00,2,True
167,2110,177,980824345,IS0014648M,177A-915LR,KD,1,21/06/2023,22/06/2023,None,,nan,None,A117702058,,123.493315543289,18.0,prod,0.0,3,2023-06-22,,,False,1900-01-01 06:00:00,2,True
168,2110,107,981136488,IS0028165M,107B-800VU-COA-40,KD,1,20/06/2023,27/06/2023,None,,nan,None,A210702061,,20.71,4.0,prod,0.0,2,2023-06-27,,,False,1900-01-01 06:00:00,2,True
169,2110,107,981136437,IS0015730M,107B-DE-820-40,KD,1,09/06/2023,27/06/2023,None,,nan,None,A210702061,,765.12,22.0,prod,0.0,1,2023-06-27,,,False,1900-01-01 06:00:00,2,True
170,2110,107,981265155,IS0028165M,107B-800VU-COA-40,KD,1,03/07/2023,10/07/2023,None,,nan,None,A210702062,,20.71,4.0,prod,0.0,2,2023-07-10,,,False,1900-01-01 06:00:00,2,True
171,2110,107,981265080,IS0015730M,107B-DE-820-40,KD,1,19/06/2023,10/07/2023,None,,nan,None,A210702062,,765.12,22.0,prod,0.0,1,2023-07-10,,,False,1900-01-01 06:00:00,2,True
172,2110,177,980824346,IS0014648M,177A-915LR,KD,1,11/07/2023,12/07/2023,None,,nan,None,A117702059,,123.493315543289,18.0,prod,0.0,3,2023-07-12,,,False,1900-01-01 06:00:00,2,True
173,2110,107,981298383,IS0028165M,107B-800VU-COA-40,KD,1,12/07/2023,20/07/2023,None,,nan,None,A210702063,,20.71,4.0,prod,0.0,2,2023-07-20,,,False,1900-01-01 06:00:00,2,True
174,2110,107,981298339,IS0015730M,107B-DE-820-40,KD,1,03/07/2023,20/07/2023,None,,nan,None,A210702063,,765.12,22.0,prod,0.0,1,2023-07-20,,,False,1900-01-01 06:00:00,2,True
175,2110,177,981573626,IS0014648M,177A-915LR,KD,1,21/07/2023,14/08/2023,None,,nan,None,A117702060,,123.493315543289,18.0,prod,0.0,3,2023-08-14,,,False,1900-01-01 06:00:00,2,True
176,2110,107,981498470,IS0028165M,107B-800VU-COA-40,KD,1,14/08/2023,21/08/2023,None,,nan,None,A210702064,,20.71,4.0,prod,0.0,2,2023-08-21,,,False,1900-01-01 06:00:00,2,True
177,2110,107,981498429,IS0015730M,107B-DE-820-40,KD,1,12/07/2023,21/08/2023,None,,nan,None,A210702064,,765.12,22.0,prod,0.0,1,2023-08-21,,,False,1900-01-01 06:00:00,2,True
178,2110,177,980987853,IS0014648M,177A-915LR,KD,1,22/08/2023,23/08/2023,None,,nan,None,A117702061,,123.493315543289,18.0,prod,0.0,3,2023-08-23,,,False,1900-01-01 06:00:00,2,True
179,2110,107,981664638,IS0015730M,107B-DE-820-40,KD,1,15/08/2023,31/08/2023,None,,nan,None,A210702065,,765.12,22.0,prod,0.0,1,2023-08-31,,,False,1900-01-01 06:00:00,2,True
180,2110,107,981664824,IS0028165M,107B-800VU-COA-40,KD,1,24/08/2023,31/08/2023,None,,nan,None,A210702065,,20.71,4.0,prod,0.0,2,2023-08-31,,,False,1900-01-01 06:00:00,2,True
181,2110,177,981130985,IS0014648M,177A-915LR,KD,1,31/08/2023,01/09/2023,None,,nan,None,A117702062,,123.493315543289,18.0,prod,0.0,3,2023-09-01,,,False,1900-01-01 06:00:00,2,True
182,2110,177,981204959,IS0014648M,177A-915LR,KD,1,08/09/2023,11/09/2023,None,,nan,None,A117702063,,123.493315543289,18.0,prod,0.0,3,2023-09-11,,,False,1900-01-01 06:00:00,2,True
183,2110,107,981880020,IS0028165M,107B-800VU-COA-40,KD,1,05/09/2023,12/09/2023,None,,nan,None,A210702066,,20.71,4.0,prod,0.0,2,2023-09-12,,,False,1900-01-01 06:00:00,2,True
184,2110,107,981879895,IS0015730M,107B-DE-820-40,KD,1,25/08/2023,12/09/2023,None,,nan,None,A210702066,,765.12,22.0,prod,0.0,1,2023-09-12,,,False,1900-01-01 06:00:00,2,True
185,2110,177,981298062,IS0014648M,177A-915LR,KD,1,19/09/2023,20/09/2023,None,,nan,None,A117702064,,123.493315543289,18.0,prod,0.0,3,2023-09-20,,,False,1900-01-01 06:00:00,2,True
186,2110,107,982025059,IS0028165M,107B-800VU-COA-40,KD,1,14/09/2023,21/09/2023,None,,nan,None,A210702067,,20.71,4.0,prod,0.0,2,2023-09-21,,,False,1900-01-01 06:00:00,2,True
187,2110,107,982024908,IS0015730M,107B-DE-820-40,KD,1,05/09/2023,21/09/2023,None,,nan,None,A210702067,,765.12,22.0,prod,0.0,1,2023-09-21,,,False,1900-01-01 06:00:00,2,True
188,2110,107,982115293,IS0028108M,107A-800VU-COA-40,KD,1,19/09/2023,26/09/2023,None,,nan,None,A110702068,,20.71,4.0,prod,0.0,2,2023-09-26,,,False,1900-01-01 06:00:00,2,True
189,2110,107,982115213,IS0015667M,107A-DE-820-40,KD,1,08/09/2023,26/09/2023,None,,nan,None,A110702068,,765.12,22.0,prod,1.0,1,2023-09-26,,,False,1900-01-01 06:00:00,2,True
190,2110,107,982358127,IS0015730M,107B-DE-820-40,KD,1,11/09/2023,28/09/2023,None,,nan,None,A210702068,,765.12,22.0,prod,0.0,1,2023-09-28,,,False,1900-01-01 06:00:00,2,True
191,2110,107,982358336,IS0028165M,107B-800VU-COA-40,KD,1,20/09/2023,28/09/2023,None,,nan,None,A210702068,,20.71,4.0,prod,0.0,2,2023-09-28,,,False,1900-01-01 06:00:00,2,True
192,2110,177,981573627,IS0014648M,177A-915LR,KD,1,02/10/2023,03/10/2023,None,,nan,None,A117702065,,123.493315543289,18.0,prod,0.0,3,2023-10-03,,,False,1900-01-01 06:00:00,2,True
193,2110,107,982152119,IS0015730M,107B-DE-820-40,KD,1,19/09/2023,06/10/2023,None,,nan,None,A210702069,,765.12,22.0,prod,0.0,1,2023-10-06,,,False,1900-01-01 06:00:00,2,True
194,2110,107,982152234,IS0028165M,107B-800VU-COA-40,KD,1,29/09/2023,06/10/2023,None,,nan,None,A210702069,,20.71,4.0,prod,0.0,2,2023-10-06,,,False,1900-01-01 06:00:00,2,True
195,2110,177,981661921,IS0014648M,177A-915LR,KD,1,12/10/2023,13/10/2023,None,,nan,None,A117702066,,123.493315543289,18.0,prod,0.0,3,2023-10-13,,,False,1900-01-01 06:00:00,2,True
196,2110,107,982170617,IS0028165M,107B-800VU-COA-40,KD,1,09/10/2023,16/10/2023,None,,nan,None,A210702070,,20.71,4.0,prod,0.0,2,2023-10-16,,,False,1900-01-01 06:00:00,2,True
197,2110,107,982170597,IS0015730M,107B-DE-820-40,KD,1,28/09/2023,16/10/2023,None,,nan,None,A210702070,,765.12,22.0,prod,0.0,1,2023-10-16,,,False,1900-01-01 06:00:00,2,True
198,2110,177,981702434,IS0014648M,177A-915LR,KD,1,24/10/2023,25/10/2023,None,,nan,None,A117702067,,123.493315543289,18.0,prod,0.0,3,2023-10-25,,,False,1900-01-01 06:00:00,2,True
199,2110,107,982358337,IS0028165M,107B-800VU-COA-40,KD,1,20/10/2023,27/10/2023,None,,nan,None,A210702071,,20.71,4.0,prod,0.0,2,2023-10-27,,,False,1900-01-01 06:00:00,2,True
200,2110,107,982358128,IS0015730M,107B-DE-820-40,KD,1,11/10/2023,27/10/2023,None,,nan,None,A210702071,,765.12,22.0,prod,0.0,1,2023-10-27,,,False,1900-01-01 06:00:00,2,True
201,2110,177,982024679,IS0014648M,177A-915LR,KD,1,02/11/2023,03/11/2023,None,,nan,None,A117702068,,123.493315543289,18.0,prod,0.0,3,2023-11-03,,,False,1900-01-01 06:00:00,2,True
202,2110,107,982402564,IS0015667M,107A-DE-820-40,KD,1,19/10/2023,06/11/2023,None,,nan,None,A110702072,,765.12,22.0,prod,1.0,1,2023-11-06,,,False,1900-01-01 06:00:00,2,True
203,2110,107,982402700,IS0028108M,107A-800VU-COA-40,KD,1,30/10/2023,06/11/2023,None,,nan,None,A110702072,,20.71,4.0,prod,0.0,2,2023-11-06,,,False,1900-01-01 06:00:00,2,True
204,2110,177,982045488,IS0014648M,177A-915LR,KD,1,10/11/2023,13/11/2023,None,,nan,None,A117702069,,123.493315543289,18.0,prod,0.0,3,2023-11-13,,,False,1900-01-01 06:00:00,2,True
205,2110,107,982407369,IS0028165M,107B-800VU-COA-40,KD,1,08/11/2023,15/11/2023,None,,nan,None,A210702073,,20.71,4.0,prod,0.0,2,2023-11-15,,,False,1900-01-01 06:00:00,2,True
206,2110,107,982407318,IS0015730M,107B-DE-820-40,KD,1,30/10/2023,15/11/2023,None,,nan,None,A210702073,,765.12,22.0,prod,0.0,1,2023-11-15,,,False,1900-01-01 06:00:00,2,True
207,2110,177,982111961,IS0014648M,177A-915LR,KD,1,20/11/2023,21/11/2023,None,,nan,None,A117702070,,123.493315543289,18.0,prod,0.0,3,2023-11-21,,,False,1900-01-01 06:00:00,2,True
208,2110,107,982420403,IS0015730M,107B-DE-820-40,KD,1,07/11/2023,23/11/2023,None,,nan,None,A210702074,,765.12,22.0,prod,0.0,1,2023-11-23,,,False,1900-01-01 06:00:00,2,True
209,2110,107,982420459,IS0028165M,107B-800VU-COA-40,KD,1,16/11/2023,23/11/2023,None,,nan,None,A210702074,,20.71,4.0,prod,0.0,2,2023-11-23,,,False,1900-01-01 06:00:00,2,True
210,2110,107,982471534,IS0015730M,107B-DE-820-40,KD,1,15/11/2023,01/12/2023,None,,nan,None,A210702075,,765.12,22.0,prod,0.0,1,2023-12-01,,,False,1900-01-01 06:00:00,2,True
211,2110,107,982471562,IS0028165M,107B-800VU-COA-40,KD,1,24/11/2023,01/12/2023,None,,nan,None,A210702075,,20.71,4.0,prod,0.0,2,2023-12-01,,,False,1900-01-01 06:00:00,2,True
212,2110,177,982351953,IS0014648M,177A-915LR,KD,1,08/12/2023,11/12/2023,None,,nan,None,A117702071,,123.493315543289,18.0,prod,0.0,3,2023-12-11,,,False,1900-01-01 06:00:00,2,True
213,2110,177,982351954,IS0014648M,177A-915LR,KD,1,18/12/2023,19/12/2023,None,,nan,None,A117702072,,123.493315543289,18.0,prod,0.0,3,2023-12-19,,,False,1900-01-01 06:00:00,2,True
214,2110,177,982391054,IS0014648M,177A-915LR,KD,1,26/12/2023,27/12/2023,None,,nan,None,A117702073,,123.493315543289,18.0,prod,0.0,3,2023-12-27,,,False,1900-01-01 06:00:00,2,True
215,2110,177,982406563,IS0014648M,177A-915LR,KD,1,04/01/2024,05/01/2024,None,,nan,None,A117702074,,123.493315543289,18.0,prod,0.0,3,2024-01-05,,,False,1900-01-01 06:00:00,2,True
216,2110,177,982417926,IS0014648M,177A-915LR,KD,1,12/01/2024,15/01/2024,None,,nan,None,A117702075,,123.493315543289,18.0,prod,0.0,3,2024-01-15,,,False,1900-01-01 06:00:00,2,True
217,2110,177,982471524,IS0014648M,177A-915LR,KD,1,23/01/2024,24/01/2024,None,,nan,None,A117702076,,123.493315543289,18.0,prod,0.0,3,2024-01-24,,,False,1900-01-01 06:00:00,2,True
218,2110,177,982524741,IS0014648M,177A-915LR,KD,1,31/01/2024,01/02/2024,None,,nan,None,A117702077,,123.493315543289,18.0,prod,0.0,3,2024-02-01,,,False,1900-01-01 06:00:00,2,True
