,id,created_at,updated_at,created_by,updated_by,is_deleted,deleted_by,deleted_at,restored_at,restored_by,division,profit_center,work_day,smooth_family,cycle_time,workdata_id,owner,product_id,version,planning_approval_id,shared,work_day_week,work_day_month,work_day_year,work_year_week,work_year_month
0,2119393,2023-01-06 14:29:01.332329,2023-01-06 14:29:01.332329,Marwa,Marwa,False,,2023-01-06 14:29:01.332329,2023-01-06 14:29:01.332329,Marwa,15,105,2022-12-19,1,10.72,4422,officiel,25,19,170,False,51,12,2022,2022-W51,2022-M12
1,2119394,2023-01-06 14:29:01.364247,2023-01-06 14:29:01.364247,Marwa,Marwa,False,,2023-01-06 14:29:01.364247,2023-01-06 14:29:01.364247,Marwa,15,105,2022-12-20,1,10.72,4423,officiel,25,19,170,False,51,12,2022,2022-W51,2022-M12
2,2119395,2023-01-06 14:29:01.396312,2023-01-06 14:29:01.396312,Marwa,Marwa,False,,2023-01-06 14:29:01.396312,2023-01-06 14:29:01.396312,Marwa,15,105,2022-12-21,1,10.72,4424,officiel,25,19,170,False,51,12,2022,2022-W51,2022-M12
3,2119396,2023-01-06 14:29:01.420252,2023-01-06 14:29:01.420252,Marwa,Marwa,False,,2023-01-06 14:29:01.420252,2023-01-06 14:29:01.420252,Marwa,15,105,2022-12-22,1,10.72,4425,officiel,25,19,170,False,51,12,2022,2022-W51,2022-M12
4,2119397,2023-01-06 14:29:01.447371,2023-01-06 14:29:01.447371,Marwa,Marwa,False,,2023-01-06 14:29:01.447371,2023-01-06 14:29:01.447486,Marwa,15,105,2022-12-23,1,10.72,4426,officiel,25,19,170,False,51,12,2022,2022-W51,2022-M12
5,2119398,2023-01-06 14:30:08.135510,2023-01-06 14:30:08.135510,Marwa,Marwa,False,,2023-01-06 14:30:08.135510,2023-01-06 14:30:08.135510,Marwa,15,105,2023-01-02,1,10.72,4427,officiel,25,19,170,False,1,1,2023,2023-W1,2023-M1
6,2119399,2023-01-06 14:30:08.159542,2023-01-06 14:30:08.159542,Marwa,Marwa,False,,2023-01-06 14:30:08.159542,2023-01-06 14:30:08.159542,Marwa,15,105,2023-01-03,1,10.72,4428,officiel,25,19,170,False,1,1,2023,2023-W1,2023-M1
7,2119400,2023-01-06 14:30:08.183559,2023-01-06 14:30:08.183559,Marwa,Marwa,False,,2023-01-06 14:30:08.183559,2023-01-06 14:30:08.183559,Marwa,15,105,2023-01-04,1,10.72,4429,officiel,25,19,170,False,1,1,2023,2023-W1,2023-M1
8,2119401,2023-01-06 14:30:08.215560,2023-01-06 14:30:08.215560,Marwa,Marwa,False,,2023-01-06 14:30:08.215560,2023-01-06 14:30:08.215560,Marwa,15,105,2023-01-05,1,10.72,4430,officiel,25,19,170,False,1,1,2023,2023-W1,2023-M1
9,2119402,2023-01-06 14:30:08.231471,2023-01-06 14:30:08.231471,Marwa,Marwa,False,,2023-01-06 14:30:08.231471,2023-01-06 14:30:08.231471,Marwa,15,105,2023-01-06,1,10.72,4431,officiel,25,19,170,False,1,1,2023,2023-W1,2023-M1
10,2119403,2023-01-06 14:31:23.921031,2023-01-06 14:31:23.921031,Marwa,Marwa,False,,2023-01-06 14:31:23.921031,2023-01-06 14:31:23.921031,Marwa,15,105,2023-01-09,1,10.72,4432,officiel,25,19,170,False,2,1,2023,2023-W2,2023-M1
11,2119404,2023-01-06 14:31:23.945030,2023-01-06 14:31:23.945030,Marwa,Marwa,False,,2023-01-06 14:31:23.945030,2023-01-06 14:31:23.945030,Marwa,15,105,2023-01-10,1,10.72,4433,officiel,25,19,170,False,2,1,2023,2023-W2,2023-M1
12,2119405,2023-01-06 14:31:23.969013,2023-01-06 14:31:23.969013,Marwa,Marwa,False,,2023-01-06 14:31:23.969013,2023-01-06 14:31:23.969013,Marwa,15,105,2023-01-11,1,10.72,4434,officiel,25,19,170,False,2,1,2023,2023-W2,2023-M1
13,2119406,2023-01-06 14:31:23.992999,2023-01-06 14:31:23.992999,Marwa,Marwa,False,,2023-01-06 14:31:23.992999,2023-01-06 14:31:23.992999,Marwa,15,105,2023-01-12,1,10.72,4435,officiel,25,19,170,False,2,1,2023,2023-W2,2023-M1
14,2119407,2023-01-06 14:31:24.017061,2023-01-06 14:31:24.017061,Marwa,Marwa,False,,2023-01-06 14:31:24.017061,2023-01-06 14:31:24.017061,Marwa,15,105,2023-01-13,1,10.72,4436,officiel,25,19,170,False,2,1,2023,2023-W2,2023-M1
15,2119408,2023-01-06 14:32:32.698237,2023-01-06 14:32:32.698237,Marwa,Marwa,False,,2023-01-06 14:32:32.698237,2023-01-06 14:32:32.698237,Marwa,15,105,2023-01-16,1,10.72,4437,officiel,25,19,170,False,3,1,2023,2023-W3,2023-M1
16,2119409,2023-01-06 14:32:32.733293,2023-01-06 14:32:32.733293,Marwa,Marwa,False,,2023-01-06 14:32:32.733293,2023-01-06 14:32:32.733293,Marwa,15,105,2023-01-17,1,10.72,4438,officiel,25,19,170,False,3,1,2023,2023-W3,2023-M1
17,2119410,2023-01-06 14:32:32.758453,2023-01-06 14:32:32.758453,Marwa,Marwa,False,,2023-01-06 14:32:32.758453,2023-01-06 14:32:32.758453,Marwa,15,105,2023-01-18,1,10.72,4439,officiel,25,19,170,False,3,1,2023,2023-W3,2023-M1
18,2119411,2023-01-06 14:32:32.788184,2023-01-06 14:32:32.788184,Marwa,Marwa,False,,2023-01-06 14:32:32.788184,2023-01-06 14:32:32.788184,Marwa,15,105,2023-01-19,1,10.72,4440,officiel,25,19,170,False,3,1,2023,2023-W3,2023-M1
19,2119412,2023-01-06 14:32:32.808575,2023-01-06 14:32:32.808575,Marwa,Marwa,False,,2023-01-06 14:32:32.808575,2023-01-06 14:32:32.808575,Marwa,15,105,2023-01-20,1,10.72,4441,officiel,25,19,170,False,3,1,2023,2023-W3,2023-M1
20,2119413,2023-01-06 14:33:23.483119,2023-01-06 14:33:23.483119,Marwa,Marwa,False,,2023-01-06 14:33:23.483119,2023-01-06 14:33:23.483119,Marwa,15,105,2023-01-23,1,10.72,4442,officiel,25,19,170,False,4,1,2023,2023-W4,2023-M1
21,2119414,2023-01-06 14:33:23.508255,2023-01-06 14:33:23.508255,Marwa,Marwa,False,,2023-01-06 14:33:23.508255,2023-01-06 14:33:23.508255,Marwa,15,105,2023-01-24,1,10.72,4443,officiel,25,19,170,False,4,1,2023,2023-W4,2023-M1
22,2119415,2023-01-06 14:33:23.528373,2023-01-06 14:33:23.528373,Marwa,Marwa,False,,2023-01-06 14:33:23.528373,2023-01-06 14:33:23.528373,Marwa,15,105,2023-01-25,1,10.72,4444,officiel,25,19,170,False,4,1,2023,2023-W4,2023-M1
23,2119416,2023-01-06 14:33:23.568351,2023-01-06 14:33:23.568351,Marwa,Marwa,False,,2023-01-06 14:33:23.568351,2023-01-06 14:33:23.568351,Marwa,15,105,2023-01-26,1,10.72,4445,officiel,25,19,170,False,4,1,2023,2023-W4,2023-M1
24,2119417,2023-01-06 14:33:23.588139,2023-01-06 14:33:23.588139,Marwa,Marwa,False,,2023-01-06 14:33:23.588139,2023-01-06 14:33:23.588139,Marwa,15,105,2023-01-27,1,10.72,4446,officiel,25,19,170,False,4,1,2023,2023-W4,2023-M1
25,2119418,2023-01-06 15:59:41.975861,2023-01-06 15:59:41.975861,Marwa,Marwa,False,,2023-01-06 15:59:41.975861,2023-01-06 15:59:41.975861,Marwa,15,105,2023-02-13,1,10.72,4688,officiel,25,19,170,False,7,2,2023,2023-W7,2023-M2
26,2119419,2023-01-06 14:34:20.717781,2023-01-06 15:50:43.822092,Marwa,Marwa,False,,2023-01-06 14:34:20.717781,2023-01-06 15:50:43.822092,Marwa,15,105,2023-01-31,1,10.72,4448,officiel,25,19,170,False,5,1,2023,2023-W5,2023-M1
27,2119420,2023-01-06 14:35:11.787822,2023-01-06 14:35:11.787822,Marwa,Marwa,False,,2023-01-06 14:35:11.787822,2023-01-06 14:35:11.787822,Marwa,15,105,2023-02-01,1,10.72,4449,officiel,25,19,170,False,5,2,2023,2023-W5,2023-M2
28,2119421,2023-01-06 14:35:11.817855,2023-01-06 14:35:11.817855,Marwa,Marwa,False,,2023-01-06 14:35:11.817855,2023-01-06 14:35:11.817855,Marwa,15,105,2023-02-02,1,10.72,4450,officiel,25,19,170,False,5,2,2023,2023-W5,2023-M2
29,2119422,2023-01-06 14:35:11.847631,2023-01-06 14:35:11.847631,Marwa,Marwa,False,,2023-01-06 14:35:11.847631,2023-01-06 14:35:11.847631,Marwa,15,105,2023-02-03,1,10.72,4451,officiel,25,19,170,False,5,2,2023,2023-W5,2023-M2
30,2119423,2023-01-06 14:36:17.457617,2023-01-06 14:36:17.457617,Marwa,Marwa,False,,2023-01-06 14:36:17.457617,2023-01-06 14:36:17.457617,Marwa,15,105,2023-02-06,1,10.72,4452,officiel,25,19,170,False,6,2,2023,2023-W6,2023-M2
31,2119424,2023-01-06 14:36:17.487522,2023-01-06 14:36:17.487522,Marwa,Marwa,False,,2023-01-06 14:36:17.487522,2023-01-06 14:36:17.487522,Marwa,15,105,2023-02-07,1,10.72,4453,officiel,25,19,170,False,6,2,2023,2023-W6,2023-M2
32,2119425,2023-01-06 14:36:17.517584,2023-01-06 14:36:17.517584,Marwa,Marwa,False,,2023-01-06 14:36:17.517584,2023-01-06 14:36:17.517584,Marwa,15,105,2023-02-08,1,10.72,4454,officiel,25,19,170,False,6,2,2023,2023-W6,2023-M2
33,2119426,2023-01-06 14:36:17.537453,2023-01-06 14:36:17.537453,Marwa,Marwa,False,,2023-01-06 14:36:17.537453,2023-01-06 14:36:17.537453,Marwa,15,105,2023-02-09,1,10.72,4455,officiel,25,19,170,False,6,2,2023,2023-W6,2023-M2
34,2119427,2023-01-06 14:36:17.567838,2023-01-06 14:36:17.567838,Marwa,Marwa,False,,2023-01-06 14:36:17.567838,2023-01-06 14:36:17.567838,Marwa,15,105,2023-02-10,1,10.72,4456,officiel,25,19,170,False,6,2,2023,2023-W6,2023-M2
35,2119428,2023-01-06 14:37:07.897364,2023-01-06 14:37:07.897364,Marwa,Marwa,False,,2023-01-06 14:37:07.897364,2023-01-06 14:37:07.897364,Marwa,15,105,2023-02-20,1,10.72,4457,officiel,25,19,170,False,8,2,2023,2023-W8,2023-M2
36,2119429,2023-01-06 14:37:07.922182,2023-01-06 14:37:07.922182,Marwa,Marwa,False,,2023-01-06 14:37:07.922182,2023-01-06 14:37:07.922182,Marwa,15,105,2023-02-21,1,10.72,4458,officiel,25,19,170,False,8,2,2023,2023-W8,2023-M2
37,2119430,2023-01-06 14:37:07.947219,2023-01-06 14:37:07.947219,Marwa,Marwa,False,,2023-01-06 14:37:07.947219,2023-01-06 14:37:07.947219,Marwa,15,105,2023-02-22,1,10.72,4459,officiel,25,19,170,False,8,2,2023,2023-W8,2023-M2
38,2119431,2023-01-06 14:37:07.977130,2023-01-06 14:37:07.977130,Marwa,Marwa,False,,2023-01-06 14:37:07.977130,2023-01-06 14:37:07.977130,Marwa,15,105,2023-02-23,1,10.72,4460,officiel,25,19,170,False,8,2,2023,2023-W8,2023-M2
39,2119432,2023-01-06 14:37:07.997404,2023-01-06 14:37:07.997404,Marwa,Marwa,False,,2023-01-06 14:37:07.997404,2023-01-06 14:37:07.997404,Marwa,15,105,2023-02-24,1,10.72,4461,officiel,25,19,170,False,8,2,2023,2023-W8,2023-M2
40,2119433,2023-01-06 14:38:10.977308,2023-01-06 14:38:10.977308,Marwa,Marwa,False,,2023-01-06 14:38:10.977308,2023-01-06 14:38:10.977308,Marwa,15,105,2023-02-27,1,10.72,4464,officiel,25,19,170,False,9,2,2023,2023-W9,2023-M2
41,2119434,2023-01-06 14:38:11.081925,2023-01-06 14:38:11.081925,Marwa,Marwa,False,,2023-01-06 14:38:11.081925,2023-01-06 14:38:11.081925,Marwa,15,105,2023-02-28,1,10.72,4465,officiel,25,19,170,False,9,2,2023,2023-W9,2023-M2
42,2119435,2023-01-06 14:39:32.616685,2023-01-06 14:39:32.616685,Marwa,Marwa,False,,2023-01-06 14:39:32.616685,2023-01-06 14:39:32.616685,Marwa,15,105,2023-03-01,1,10.72,4466,officiel,25,19,170,False,9,3,2023,2023-W9,2023-M3
43,2119436,2023-01-06 14:39:32.716564,2023-01-06 14:39:32.716564,Marwa,Marwa,False,,2023-01-06 14:39:32.716564,2023-01-06 14:39:32.716564,Marwa,15,105,2023-03-02,1,10.72,4467,officiel,25,19,170,False,9,3,2023,2023-W9,2023-M3
44,2119437,2023-01-06 14:39:32.836611,2023-01-06 14:39:32.836611,Marwa,Marwa,False,,2023-01-06 14:39:32.836611,2023-01-06 14:39:32.836611,Marwa,15,105,2023-03-03,1,10.72,4468,officiel,25,19,170,False,9,3,2023,2023-W9,2023-M3
45,2119438,2023-01-06 14:40:54.606326,2023-01-06 14:40:54.606326,Marwa,Marwa,False,,2023-01-06 14:40:54.606326,2023-01-06 14:40:54.606326,Marwa,15,105,2023-03-06,1,10.72,4469,officiel,25,19,170,False,10,3,2023,2023-W10,2023-M3
46,2119439,2023-01-06 14:40:54.651187,2023-01-06 14:40:54.651187,Marwa,Marwa,False,,2023-01-06 14:40:54.651187,2023-01-06 14:40:54.651187,Marwa,15,105,2023-03-07,1,10.72,4470,officiel,25,19,170,False,10,3,2023,2023-W10,2023-M3
47,2119440,2023-01-06 14:40:54.676554,2023-01-06 14:40:54.676554,Marwa,Marwa,False,,2023-01-06 14:40:54.676554,2023-01-06 14:40:54.676554,Marwa,15,105,2023-03-08,1,10.72,4471,officiel,25,19,170,False,10,3,2023,2023-W10,2023-M3
48,2119441,2023-01-06 14:40:54.696214,2023-01-06 14:40:54.696214,Marwa,Marwa,False,,2023-01-06 14:40:54.696214,2023-01-06 14:40:54.696214,Marwa,15,105,2023-03-09,1,10.72,4472,officiel,25,19,170,False,10,3,2023,2023-W10,2023-M3
49,2119442,2023-01-06 14:40:54.731742,2023-01-06 14:40:54.731742,Marwa,Marwa,False,,2023-01-06 14:40:54.731742,2023-01-06 14:40:54.731742,Marwa,15,105,2023-03-10,1,10.72,4473,officiel,25,19,170,False,10,3,2023,2023-W10,2023-M3
50,2119443,2023-01-06 14:42:01.956311,2023-01-06 14:42:01.956311,Marwa,Marwa,False,,2023-01-06 14:42:01.956311,2023-01-06 14:42:01.956311,Marwa,15,105,2023-03-13,1,10.72,4474,officiel,25,19,170,False,11,3,2023,2023-W11,2023-M3
51,2119444,2023-01-06 14:42:01.985975,2023-01-06 14:42:01.985975,Marwa,Marwa,False,,2023-01-06 14:42:01.985975,2023-01-06 14:42:01.985975,Marwa,15,105,2023-03-14,1,10.72,4475,officiel,25,19,170,False,11,3,2023,2023-W11,2023-M3
52,2119445,2023-01-06 14:42:02.011251,2023-01-06 14:42:02.011251,Marwa,Marwa,False,,2023-01-06 14:42:02.011251,2023-01-06 14:42:02.011251,Marwa,15,105,2023-03-15,1,10.72,4476,officiel,25,19,170,False,11,3,2023,2023-W11,2023-M3
53,2119446,2023-01-06 14:42:02.036164,2023-01-06 14:42:02.036164,Marwa,Marwa,False,,2023-01-06 14:42:02.036164,2023-01-06 14:42:02.036164,Marwa,15,105,2023-03-16,1,10.72,4477,officiel,25,19,170,False,11,3,2023,2023-W11,2023-M3
54,2119447,2023-01-06 14:42:02.066388,2023-01-06 14:42:02.066388,Marwa,Marwa,False,,2023-01-06 14:42:02.066388,2023-01-06 14:42:02.066388,Marwa,15,105,2023-03-17,1,10.72,4478,officiel,25,19,170,False,11,3,2023,2023-W11,2023-M3
55,2119448,2023-01-06 14:43:11.581956,2023-01-06 14:43:11.581956,Marwa,Marwa,False,,2023-01-06 14:43:11.581956,2023-01-06 14:43:11.581956,Marwa,15,105,2023-03-21,1,10.72,4479,officiel,25,19,170,False,12,3,2023,2023-W12,2023-M3
56,2119449,2023-01-06 14:43:11.611947,2023-01-06 14:43:11.611947,Marwa,Marwa,False,,2023-01-06 14:43:11.611947,2023-01-06 14:43:11.611947,Marwa,15,105,2023-03-22,1,10.72,4480,officiel,25,19,170,False,12,3,2023,2023-W12,2023-M3
57,2119450,2023-01-06 14:43:11.636822,2023-01-06 14:43:11.636822,Marwa,Marwa,False,,2023-01-06 14:43:11.636822,2023-01-06 14:43:11.636822,Marwa,15,105,2023-03-23,1,10.72,4481,officiel,25,19,170,False,12,3,2023,2023-W12,2023-M3
58,2119451,2023-01-06 14:43:11.661930,2023-01-06 14:43:11.661930,Marwa,Marwa,False,,2023-01-06 14:43:11.661930,2023-01-06 14:43:11.661930,Marwa,15,105,2023-03-24,1,10.72,4482,officiel,25,19,170,False,12,3,2023,2023-W12,2023-M3
59,2119452,2023-01-06 14:44:07.481888,2023-01-06 14:44:07.481888,Marwa,Marwa,False,,2023-01-06 14:44:07.481888,2023-01-06 14:44:07.481888,Marwa,15,105,2023-03-27,1,10.72,4483,officiel,25,19,170,False,13,3,2023,2023-W13,2023-M3
60,2119453,2023-01-06 14:44:07.511604,2023-01-06 14:44:07.511604,Marwa,Marwa,False,,2023-01-06 14:44:07.511604,2023-01-06 14:44:07.511604,Marwa,15,105,2023-03-28,1,10.72,4484,officiel,25,19,170,False,13,3,2023,2023-W13,2023-M3
61,2119454,2023-01-06 14:44:07.536692,2023-01-06 14:44:07.536692,Marwa,Marwa,False,,2023-01-06 14:44:07.536692,2023-01-06 14:44:07.536692,Marwa,15,105,2023-03-29,1,10.72,4485,officiel,25,19,170,False,13,3,2023,2023-W13,2023-M3
62,2119455,2023-01-06 14:44:07.561736,2023-01-06 14:44:07.561736,Marwa,Marwa,False,,2023-01-06 14:44:07.561736,2023-01-06 14:44:07.561736,Marwa,15,105,2023-03-30,1,10.72,4486,officiel,25,19,170,False,13,3,2023,2023-W13,2023-M3
63,2119456,2023-01-06 14:44:07.581680,2023-01-06 14:44:07.581680,Marwa,Marwa,False,,2023-01-06 14:44:07.581680,2023-01-06 14:44:07.581680,Marwa,15,105,2023-03-31,1,10.72,4487,officiel,25,19,170,False,13,3,2023,2023-W13,2023-M3
64,2119457,2023-01-06 14:46:36.231577,2023-01-06 14:46:36.231577,Marwa,Marwa,False,,2023-01-06 14:46:36.231577,2023-01-06 14:46:36.231577,Marwa,15,105,2023-04-03,1,10.72,4493,officiel,25,19,170,False,14,4,2023,2023-W14,2023-M4
65,2119458,2023-01-06 14:46:36.261356,2023-01-06 14:46:36.261356,Marwa,Marwa,False,,2023-01-06 14:46:36.261356,2023-01-06 14:46:36.261356,Marwa,15,105,2023-04-04,1,10.72,4494,officiel,25,19,170,False,14,4,2023,2023-W14,2023-M4
66,2119459,2023-01-06 14:46:36.281346,2023-01-06 14:46:36.281346,Marwa,Marwa,False,,2023-01-06 14:46:36.281346,2023-01-06 14:46:36.281346,Marwa,15,105,2023-04-05,1,10.72,4495,officiel,25,19,170,False,14,4,2023,2023-W14,2023-M4
67,2119460,2023-01-06 14:46:36.311286,2023-01-06 14:46:36.311286,Marwa,Marwa,False,,2023-01-06 14:46:36.311286,2023-01-06 14:46:36.311286,Marwa,15,105,2023-04-06,1,10.72,4496,officiel,25,19,170,False,14,4,2023,2023-W14,2023-M4
68,2119461,2023-01-06 14:46:36.341536,2023-01-06 14:46:36.341536,Marwa,Marwa,False,,2023-01-06 14:46:36.341536,2023-01-06 14:46:36.341536,Marwa,15,105,2023-04-07,1,10.72,4497,officiel,25,19,170,False,14,4,2023,2023-W14,2023-M4
69,2119462,2023-01-06 14:47:59.181317,2023-01-06 14:47:59.181317,Marwa,Marwa,False,,2023-01-06 14:47:59.181317,2023-01-06 14:47:59.181317,Marwa,15,105,2023-04-10,1,10.72,4498,officiel,25,19,170,False,15,4,2023,2023-W15,2023-M4
70,2119463,2023-01-06 14:47:59.201017,2023-01-06 14:47:59.201017,Marwa,Marwa,False,,2023-01-06 14:47:59.201017,2023-01-06 14:47:59.201017,Marwa,15,105,2023-04-11,1,10.72,4499,officiel,25,19,170,False,15,4,2023,2023-W15,2023-M4
71,2119464,2023-01-06 14:47:59.231453,2023-01-06 14:47:59.231453,Marwa,Marwa,False,,2023-01-06 14:47:59.231453,2023-01-06 14:47:59.231453,Marwa,15,105,2023-04-12,1,10.72,4500,officiel,25,19,170,False,15,4,2023,2023-W15,2023-M4
72,2119465,2023-01-06 14:47:59.251384,2023-01-06 14:47:59.251384,Marwa,Marwa,False,,2023-01-06 14:47:59.251384,2023-01-06 14:47:59.251384,Marwa,15,105,2023-04-13,1,10.72,4501,officiel,25,19,170,False,15,4,2023,2023-W15,2023-M4
73,2119466,2023-01-06 14:47:59.281090,2023-01-06 14:47:59.281090,Marwa,Marwa,False,,2023-01-06 14:47:59.281090,2023-01-06 14:47:59.281090,Marwa,15,105,2023-04-14,1,10.72,4502,officiel,25,19,170,False,15,4,2023,2023-W15,2023-M4
74,2119467,2023-01-06 14:49:39.240726,2023-01-06 14:49:39.240726,Marwa,Marwa,False,,2023-01-06 14:49:39.240726,2023-01-06 14:49:39.240726,Marwa,15,105,2023-04-17,1,10.72,4506,officiel,25,19,170,False,16,4,2023,2023-W16,2023-M4
75,2119468,2023-01-06 14:49:39.280713,2023-01-06 14:49:39.280713,Marwa,Marwa,False,,2023-01-06 14:49:39.280713,2023-01-06 14:49:39.280713,Marwa,15,105,2023-04-18,1,10.72,4507,officiel,25,19,170,False,16,4,2023,2023-W16,2023-M4
76,2119469,2023-01-06 14:49:39.312646,2023-01-06 14:49:39.312646,Marwa,Marwa,False,,2023-01-06 14:49:39.312646,2023-01-06 14:49:39.312646,Marwa,15,105,2023-04-19,1,10.72,4508,officiel,25,19,170,False,16,4,2023,2023-W16,2023-M4
77,2119470,2023-01-06 14:50:30.900857,2023-01-06 14:50:30.900857,Marwa,Marwa,False,,2023-01-06 14:50:30.900857,2023-01-06 14:50:30.900857,Marwa,15,105,2023-04-24,1,10.72,4509,officiel,25,19,170,False,17,4,2023,2023-W17,2023-M4
78,2119471,2023-01-06 14:50:30.920800,2023-01-06 14:50:30.920800,Marwa,Marwa,False,,2023-01-06 14:50:30.920800,2023-01-06 14:50:30.920800,Marwa,15,105,2023-04-25,1,10.72,4510,officiel,25,19,170,False,17,4,2023,2023-W17,2023-M4
79,2119472,2023-01-06 14:50:30.950659,2023-01-06 14:50:30.950659,Marwa,Marwa,False,,2023-01-06 14:50:30.950659,2023-01-06 14:50:30.950659,Marwa,15,105,2023-04-26,1,10.72,4511,officiel,25,19,170,False,17,4,2023,2023-W17,2023-M4
80,2119473,2023-01-06 14:50:30.980634,2023-01-06 14:50:30.980634,Marwa,Marwa,False,,2023-01-06 14:50:30.980634,2023-01-06 14:50:30.980634,Marwa,15,105,2023-04-27,1,10.72,4512,officiel,25,19,170,False,17,4,2023,2023-W17,2023-M4
81,2119474,2023-01-06 14:50:31.005642,2023-01-06 14:50:31.005642,Marwa,Marwa,False,,2023-01-06 14:50:31.005642,2023-01-06 14:50:31.005642,Marwa,15,105,2023-04-28,1,10.72,4513,officiel,25,19,170,False,17,4,2023,2023-W17,2023-M4
82,2119475,2023-01-06 14:52:10.210422,2023-01-06 14:52:10.210422,Marwa,Marwa,False,,2023-01-06 14:52:10.210422,2023-01-06 14:52:10.210422,Marwa,15,105,2023-05-02,1,10.72,4518,officiel,25,19,170,False,18,5,2023,2023-W18,2023-M5
83,2119476,2023-01-06 14:52:10.240467,2023-01-06 14:52:10.240467,Marwa,Marwa,False,,2023-01-06 14:52:10.240467,2023-01-06 14:52:10.240467,Marwa,15,105,2023-05-03,1,10.72,4519,officiel,25,19,170,False,18,5,2023,2023-W18,2023-M5
84,2119477,2023-01-06 14:52:10.270763,2023-01-06 14:52:10.270763,Marwa,Marwa,False,,2023-01-06 14:52:10.270763,2023-01-06 14:52:10.270763,Marwa,15,105,2023-05-04,1,10.72,4520,officiel,25,19,170,False,18,5,2023,2023-W18,2023-M5
85,2119478,2023-01-06 14:52:10.290464,2023-01-06 14:52:10.290464,Marwa,Marwa,False,,2023-01-06 14:52:10.290464,2023-01-06 14:52:10.290464,Marwa,15,105,2023-05-05,1,10.72,4521,officiel,25,19,170,False,18,5,2023,2023-W18,2023-M5
86,2119479,2023-01-06 14:53:12.820291,2023-01-06 14:53:12.820291,Marwa,Marwa,False,,2023-01-06 14:53:12.820291,2023-01-06 14:53:12.820291,Marwa,15,105,2023-05-08,1,10.72,4522,officiel,25,19,170,False,19,5,2023,2023-W19,2023-M5
87,2119480,2023-01-06 14:53:12.850536,2023-01-06 14:53:12.850536,Marwa,Marwa,False,,2023-01-06 14:53:12.850536,2023-01-06 14:53:12.850536,Marwa,15,105,2023-05-09,1,10.72,4523,officiel,25,19,170,False,19,5,2023,2023-W19,2023-M5
88,2119481,2023-01-06 14:53:12.870590,2023-01-06 14:53:12.870590,Marwa,Marwa,False,,2023-01-06 14:53:12.870590,2023-01-06 14:53:12.870590,Marwa,15,105,2023-05-10,1,10.72,4524,officiel,25,19,170,False,19,5,2023,2023-W19,2023-M5
89,2119482,2023-01-06 14:53:12.900578,2023-01-06 14:53:12.900578,Marwa,Marwa,False,,2023-01-06 14:53:12.900578,2023-01-06 14:53:12.900578,Marwa,15,105,2023-05-11,1,10.72,4525,officiel,25,19,170,False,19,5,2023,2023-W19,2023-M5
90,2119483,2023-01-06 14:53:12.925180,2023-01-06 14:53:12.925180,Marwa,Marwa,False,,2023-01-06 14:53:12.925180,2023-01-06 14:53:12.925180,Marwa,15,105,2023-05-12,1,10.72,4526,officiel,25,19,170,False,19,5,2023,2023-W19,2023-M5
91,2119484,2023-01-06 14:54:36.203301,2023-01-06 14:54:36.203301,Marwa,Marwa,False,,2023-01-06 14:54:36.203301,2023-01-06 14:54:36.203301,Marwa,15,105,2023-05-15,1,10.72,4527,officiel,25,19,170,False,20,5,2023,2023-W20,2023-M5
92,2119485,2023-01-06 14:54:36.233436,2023-01-06 14:54:36.233436,Marwa,Marwa,False,,2023-01-06 14:54:36.233436,2023-01-06 14:54:36.233436,Marwa,15,105,2023-05-16,1,10.72,4528,officiel,25,19,170,False,20,5,2023,2023-W20,2023-M5
93,2119486,2023-01-06 14:54:36.258221,2023-01-06 14:54:36.258221,Marwa,Marwa,False,,2023-01-06 14:54:36.258221,2023-01-06 14:54:36.258221,Marwa,15,105,2023-05-17,1,10.72,4529,officiel,25,19,170,False,20,5,2023,2023-W20,2023-M5
94,2119487,2023-01-06 14:54:36.283526,2023-01-06 14:54:36.283526,Marwa,Marwa,False,,2023-01-06 14:54:36.283526,2023-01-06 14:54:36.283526,Marwa,15,105,2023-05-18,1,10.72,4530,officiel,25,19,170,False,20,5,2023,2023-W20,2023-M5
95,2119488,2023-01-06 14:54:36.303490,2023-01-06 14:54:36.303490,Marwa,Marwa,False,,2023-01-06 14:54:36.303490,2023-01-06 14:54:36.303490,Marwa,15,105,2023-05-19,1,10.72,4531,officiel,25,19,170,False,20,5,2023,2023-W20,2023-M5
96,2119489,2023-01-06 14:56:22.233112,2023-01-06 14:56:22.233112,Marwa,Marwa,False,,2023-01-06 14:56:22.233112,2023-01-06 14:56:22.233112,Marwa,15,105,2023-05-22,1,10.72,4537,officiel,25,19,170,False,21,5,2023,2023-W21,2023-M5
97,2119490,2023-01-06 14:56:22.263220,2023-01-06 14:56:22.268297,Marwa,Marwa,False,,2023-01-06 14:56:22.268297,2023-01-06 14:56:22.268297,Marwa,15,105,2023-05-23,1,10.72,4538,officiel,25,19,170,False,21,5,2023,2023-W21,2023-M5
98,2119491,2023-01-06 14:56:22.283325,2023-01-06 14:56:22.283325,Marwa,Marwa,False,,2023-01-06 14:56:22.283325,2023-01-06 14:56:22.283325,Marwa,15,105,2023-05-24,1,10.72,4539,officiel,25,19,170,False,21,5,2023,2023-W21,2023-M5
99,2119492,2023-01-06 14:56:22.317896,2023-01-06 14:56:22.317896,Marwa,Marwa,False,,2023-01-06 14:56:22.317896,2023-01-06 14:56:22.317896,Marwa,15,105,2023-05-25,1,10.72,4540,officiel,25,19,170,False,21,5,2023,2023-W21,2023-M5
100,2119493,2023-01-06 14:56:22.343149,2023-01-06 14:56:22.343149,Marwa,Marwa,False,,2023-01-06 14:56:22.343149,2023-01-06 14:56:22.343149,Marwa,15,105,2023-05-26,1,10.72,4541,officiel,25,19,170,False,21,5,2023,2023-W21,2023-M5
101,2119494,2023-01-06 14:57:12.702895,2023-01-06 14:57:12.702895,Marwa,Marwa,False,,2023-01-06 14:57:12.702895,2023-01-06 14:57:12.702895,Marwa,15,105,2023-05-29,1,10.72,4542,officiel,25,19,170,False,22,5,2023,2023-W22,2023-M5
102,2119495,2023-01-06 14:57:12.732961,2023-01-06 14:57:12.732961,Marwa,Marwa,False,,2023-01-06 14:57:12.732961,2023-01-06 14:57:12.732961,Marwa,15,105,2023-05-30,1,10.72,4543,officiel,25,19,170,False,22,5,2023,2023-W22,2023-M5
103,2119496,2023-01-06 14:57:12.752547,2023-01-06 14:57:12.752547,Marwa,Marwa,False,,2023-01-06 14:57:12.752547,2023-01-06 14:57:12.752547,Marwa,15,105,2023-05-31,1,10.72,4544,officiel,25,19,170,False,22,5,2023,2023-W22,2023-M5
104,2119497,2023-01-06 14:58:06.198214,2023-01-06 14:58:06.198214,Marwa,Marwa,False,,2023-01-06 14:58:06.198214,2023-01-06 14:58:06.198214,Marwa,15,105,2023-06-01,1,10.72,4545,officiel,25,19,170,False,22,6,2023,2023-W22,2023-M6
105,2119498,2023-01-06 14:58:06.222793,2023-01-06 14:58:06.222793,Marwa,Marwa,False,,2023-01-06 14:58:06.222793,2023-01-06 14:58:06.222793,Marwa,15,105,2023-06-02,1,10.72,4546,officiel,25,19,170,False,22,6,2023,2023-W22,2023-M6
106,2119499,2023-01-06 15:02:47.576317,2023-01-06 15:02:47.576317,Marwa,Marwa,False,,2023-01-06 15:02:47.576317,2023-01-06 15:02:47.576317,Marwa,15,105,2023-06-05,1,10.72,4547,officiel,25,19,170,False,23,6,2023,2023-W23,2023-M6
107,2119500,2023-01-06 15:02:47.606533,2023-01-06 15:02:47.606533,Marwa,Marwa,False,,2023-01-06 15:02:47.606533,2023-01-06 15:02:47.606533,Marwa,15,105,2023-06-06,1,10.72,4548,officiel,25,19,170,False,23,6,2023,2023-W23,2023-M6
108,2119501,2023-01-06 15:02:47.636735,2023-01-06 15:02:47.636735,Marwa,Marwa,False,,2023-01-06 15:02:47.636735,2023-01-06 15:02:47.636735,Marwa,15,105,2023-06-07,1,10.72,4549,officiel,25,19,170,False,23,6,2023,2023-W23,2023-M6
109,2119502,2023-01-06 15:02:47.657395,2023-01-06 15:02:47.657395,Marwa,Marwa,False,,2023-01-06 15:02:47.657395,2023-01-06 15:02:47.657395,Marwa,15,105,2023-06-08,1,10.72,4550,officiel,25,19,170,False,23,6,2023,2023-W23,2023-M6
110,2119503,2023-01-06 15:02:47.686508,2023-01-06 15:02:47.686508,Marwa,Marwa,False,,2023-01-06 15:02:47.686508,2023-01-06 15:02:47.686508,Marwa,15,105,2023-06-09,1,10.72,4551,officiel,25,19,170,False,23,6,2023,2023-W23,2023-M6
111,2119504,2023-01-06 15:03:53.390979,2023-01-06 15:03:53.390979,Marwa,Marwa,False,,2023-01-06 15:03:53.390979,2023-01-06 15:03:53.390979,Marwa,15,105,2023-06-12,1,10.72,4552,officiel,25,19,170,False,24,6,2023,2023-W24,2023-M6
112,2119505,2023-01-06 15:03:53.420653,2023-01-06 15:03:53.420653,Marwa,Marwa,False,,2023-01-06 15:03:53.420653,2023-01-06 15:03:53.420653,Marwa,15,105,2023-06-13,1,10.72,4553,officiel,25,19,170,False,24,6,2023,2023-W24,2023-M6
113,2119506,2023-01-06 15:03:53.450635,2023-01-06 15:03:53.450635,Marwa,Marwa,False,,2023-01-06 15:03:53.450635,2023-01-06 15:03:53.450635,Marwa,15,105,2023-06-14,1,10.72,4554,officiel,25,19,170,False,24,6,2023,2023-W24,2023-M6
114,2119507,2023-01-06 15:03:53.470933,2023-01-06 15:03:53.470933,Marwa,Marwa,False,,2023-01-06 15:03:53.470933,2023-01-06 15:03:53.470933,Marwa,15,105,2023-06-15,1,10.72,4555,officiel,25,19,170,False,24,6,2023,2023-W24,2023-M6
115,2119508,2023-01-06 15:03:53.495736,2023-01-06 15:03:53.495736,Marwa,Marwa,False,,2023-01-06 15:03:53.495736,2023-01-06 15:03:53.495736,Marwa,15,105,2023-06-16,1,10.72,4556,officiel,25,19,170,False,24,6,2023,2023-W24,2023-M6
116,2119509,2023-01-06 15:05:09.123782,2023-01-06 15:05:09.123782,Marwa,Marwa,False,,2023-01-06 15:05:09.123782,2023-01-06 15:05:09.123782,Marwa,15,105,2023-06-19,1,10.72,4557,officiel,25,19,170,False,25,6,2023,2023-W25,2023-M6
117,2119510,2023-01-06 15:05:09.173953,2023-01-06 15:05:09.173953,Marwa,Marwa,False,,2023-01-06 15:05:09.173953,2023-01-06 15:05:09.173953,Marwa,15,105,2023-06-20,1,10.72,4558,officiel,25,19,170,False,25,6,2023,2023-W25,2023-M6
118,2119511,2023-01-06 15:05:09.213885,2023-01-06 15:05:09.213885,Marwa,Marwa,False,,2023-01-06 15:05:09.213885,2023-01-06 15:05:09.213885,Marwa,15,105,2023-06-21,1,10.72,4559,officiel,25,19,170,False,25,6,2023,2023-W25,2023-M6
119,2119512,2023-01-06 15:05:09.252434,2023-01-06 15:05:09.252434,Marwa,Marwa,False,,2023-01-06 15:05:09.252434,2023-01-06 15:05:09.252434,Marwa,15,105,2023-06-22,1,10.72,4560,officiel,25,19,170,False,25,6,2023,2023-W25,2023-M6
120,2119513,2023-01-06 15:05:09.284851,2023-01-06 15:05:09.284851,Marwa,Marwa,False,,2023-01-06 15:05:09.284851,2023-01-06 15:05:09.284851,Marwa,15,105,2023-06-23,1,10.72,4561,officiel,25,19,170,False,25,6,2023,2023-W25,2023-M6
121,2119514,2023-01-06 15:10:25.382954,2023-01-06 15:10:25.382954,Marwa,Marwa,False,,2023-01-06 15:10:25.382954,2023-01-06 15:10:25.382954,Marwa,15,105,2023-07-03,1,10.72,4564,officiel,25,19,170,False,27,7,2023,2023-W27,2023-M7
122,2119515,2023-01-06 15:10:25.415010,2023-01-06 15:10:25.415010,Marwa,Marwa,False,,2023-01-06 15:10:25.415010,2023-01-06 15:10:25.415010,Marwa,15,105,2023-07-04,1,10.72,4565,officiel,25,19,170,False,27,7,2023,2023-W27,2023-M7
123,2119516,2023-01-06 15:10:25.447005,2023-01-06 15:10:25.447005,Marwa,Marwa,False,,2023-01-06 15:10:25.447005,2023-01-06 15:10:25.447005,Marwa,15,105,2023-07-05,1,10.72,4566,officiel,25,19,170,False,27,7,2023,2023-W27,2023-M7
124,2119517,2023-01-06 15:10:25.470971,2023-01-06 15:10:25.470971,Marwa,Marwa,False,,2023-01-06 15:10:25.470971,2023-01-06 15:10:25.470971,Marwa,15,105,2023-07-06,1,10.72,4567,officiel,25,19,170,False,27,7,2023,2023-W27,2023-M7
125,2119518,2023-01-06 15:10:25.494888,2023-01-06 15:10:25.494888,Marwa,Marwa,False,,2023-01-06 15:10:25.494888,2023-01-06 15:10:25.494888,Marwa,15,105,2023-07-07,1,10.72,4568,officiel,25,19,170,False,27,7,2023,2023-W27,2023-M7
126,2119519,2023-01-06 15:13:12.745241,2023-01-06 15:13:12.745241,Marwa,Marwa,False,,2023-01-06 15:13:12.745241,2023-01-06 15:13:12.745241,Marwa,15,105,2023-06-26,1,10.72,4569,officiel,25,19,170,False,26,6,2023,2023-W26,2023-M6
127,2119520,2023-01-06 15:16:20.040077,2023-01-06 15:16:20.040077,Marwa,Marwa,False,,2023-01-06 15:16:20.040077,2023-01-06 15:16:20.040077,Marwa,15,105,2023-07-10,1,10.72,4570,officiel,25,19,170,False,28,7,2023,2023-W28,2023-M7
128,2119521,2023-01-06 15:16:20.072059,2023-01-06 15:16:20.072059,Marwa,Marwa,False,,2023-01-06 15:16:20.072059,2023-01-06 15:16:20.072059,Marwa,15,105,2023-07-11,1,10.72,4571,officiel,25,19,170,False,28,7,2023,2023-W28,2023-M7
129,2119522,2023-01-06 15:16:20.096050,2023-01-06 15:16:20.096050,Marwa,Marwa,False,,2023-01-06 15:16:20.096050,2023-01-06 15:16:20.096050,Marwa,15,105,2023-07-12,1,10.72,4572,officiel,25,19,170,False,28,7,2023,2023-W28,2023-M7
130,2119523,2023-01-06 15:16:20.128030,2023-01-06 15:16:20.128030,Marwa,Marwa,False,,2023-01-06 15:16:20.128030,2023-01-06 15:16:20.128030,Marwa,15,105,2023-07-13,1,10.72,4573,officiel,25,19,170,False,28,7,2023,2023-W28,2023-M7
131,2119524,2023-01-06 15:16:20.152026,2023-01-06 15:16:20.152026,Marwa,Marwa,False,,2023-01-06 15:16:20.152026,2023-01-06 15:16:20.152026,Marwa,15,105,2023-07-14,1,10.72,4574,officiel,25,19,170,False,28,7,2023,2023-W28,2023-M7
132,2119525,2023-01-06 15:17:21.101800,2023-01-06 15:17:21.101800,Marwa,Marwa,False,,2023-01-06 15:17:21.101800,2023-01-06 15:17:21.101800,Marwa,15,105,2023-07-17,1,10.72,4575,officiel,25,19,170,False,29,7,2023,2023-W29,2023-M7
133,2119526,2023-01-06 15:17:21.125864,2023-01-06 15:17:21.125864,Marwa,Marwa,False,,2023-01-06 15:17:21.125864,2023-01-06 15:17:21.125864,Marwa,15,105,2023-07-18,1,10.72,4576,officiel,25,19,170,False,29,7,2023,2023-W29,2023-M7
134,2119527,2023-01-06 15:18:14.899442,2023-01-06 15:18:14.899442,Marwa,Marwa,False,,2023-01-06 15:18:14.899442,2023-01-06 15:18:14.899442,Marwa,15,105,2023-07-20,1,10.72,4577,officiel,25,19,170,False,29,7,2023,2023-W29,2023-M7
135,2119528,2023-01-06 15:18:14.923430,2023-01-06 15:18:14.923430,Marwa,Marwa,False,,2023-01-06 15:18:14.923430,2023-01-06 15:18:14.923430,Marwa,15,105,2023-07-21,1,10.72,4578,officiel,25,19,170,False,29,7,2023,2023-W29,2023-M7
136,2119529,2023-01-06 15:18:59.354552,2023-01-06 15:18:59.354552,Marwa,Marwa,False,,2023-01-06 15:18:59.354552,2023-01-06 15:18:59.354552,Marwa,15,105,2023-08-14,1,10.72,4579,officiel,25,19,170,False,33,8,2023,2023-W33,2023-M8
137,2119530,2023-01-06 15:18:59.378609,2023-01-06 15:18:59.378609,Marwa,Marwa,False,,2023-01-06 15:18:59.378609,2023-01-06 15:18:59.378609,Marwa,15,105,2023-08-15,1,10.72,4580,officiel,25,19,170,False,33,8,2023,2023-W33,2023-M8
138,2119531,2023-01-06 15:18:59.402599,2023-01-06 15:18:59.402599,Marwa,Marwa,False,,2023-01-06 15:18:59.402599,2023-01-06 15:18:59.402599,Marwa,15,105,2023-08-16,1,10.72,4581,officiel,25,19,170,False,33,8,2023,2023-W33,2023-M8
139,2119532,2023-01-06 15:18:59.434517,2023-01-06 15:18:59.434517,Marwa,Marwa,False,,2023-01-06 15:18:59.434517,2023-01-06 15:18:59.434517,Marwa,15,105,2023-08-17,1,10.72,4582,officiel,25,19,170,False,33,8,2023,2023-W33,2023-M8
140,2119533,2023-01-06 15:18:59.474499,2023-01-06 15:18:59.474499,Marwa,Marwa,False,,2023-01-06 15:18:59.474499,2023-01-06 15:18:59.474499,Marwa,15,105,2023-08-18,1,10.72,4583,officiel,25,19,170,False,33,8,2023,2023-W33,2023-M8
141,2119534,2023-01-06 15:20:35.618917,2023-01-06 15:20:35.618917,Marwa,Marwa,False,,2023-01-06 15:20:35.618917,2023-01-06 15:20:35.618917,Marwa,15,105,2023-08-21,1,10.72,4584,officiel,25,19,170,False,34,8,2023,2023-W34,2023-M8
142,2119535,2023-01-06 15:20:35.649406,2023-01-06 15:20:35.649406,Marwa,Marwa,False,,2023-01-06 15:20:35.649406,2023-01-06 15:20:35.649406,Marwa,15,105,2023-08-22,1,10.72,4585,officiel,25,19,170,False,34,8,2023,2023-W34,2023-M8
143,2119536,2023-01-06 15:20:35.679058,2023-01-06 15:20:35.679058,Marwa,Marwa,False,,2023-01-06 15:20:35.679058,2023-01-06 15:20:35.679058,Marwa,15,105,2023-08-23,1,10.72,4586,officiel,25,19,170,False,34,8,2023,2023-W34,2023-M8
144,2119537,2023-01-06 15:20:35.698999,2023-01-06 15:20:35.698999,Marwa,Marwa,False,,2023-01-06 15:20:35.698999,2023-01-06 15:20:35.698999,Marwa,15,105,2023-08-24,1,10.72,4587,officiel,25,19,170,False,34,8,2023,2023-W34,2023-M8
145,2119538,2023-01-06 15:20:35.729415,2023-01-06 15:20:35.729415,Marwa,Marwa,False,,2023-01-06 15:20:35.729415,2023-01-06 15:20:35.729415,Marwa,15,105,2023-08-25,1,10.72,4588,officiel,25,19,170,False,34,8,2023,2023-W34,2023-M8
146,2119539,2023-01-06 15:21:26.972360,2023-01-06 15:21:26.972360,Marwa,Marwa,False,,2023-01-06 15:21:26.972360,2023-01-06 15:21:26.972360,Marwa,15,105,2023-08-28,1,10.72,4589,officiel,25,19,170,False,35,8,2023,2023-W35,2023-M8
147,2119540,2023-01-06 15:21:26.997290,2023-01-06 15:21:26.997290,Marwa,Marwa,False,,2023-01-06 15:21:26.997290,2023-01-06 15:21:26.997290,Marwa,15,105,2023-08-29,1,10.72,4590,officiel,25,19,170,False,35,8,2023,2023-W35,2023-M8
148,2119541,2023-01-06 15:21:27.027236,2023-01-06 15:21:27.027236,Marwa,Marwa,False,,2023-01-06 15:21:27.027236,2023-01-06 15:21:27.027236,Marwa,15,105,2023-08-30,1,10.72,4591,officiel,25,19,170,False,35,8,2023,2023-W35,2023-M8
149,2119542,2023-01-06 15:21:27.052431,2023-01-06 15:21:27.052431,Marwa,Marwa,False,,2023-01-06 15:21:27.052431,2023-01-06 15:21:27.052431,Marwa,15,105,2023-08-31,1,10.72,4592,officiel,25,19,170,False,35,8,2023,2023-W35,2023-M8
150,2119543,2023-01-06 15:25:37.711130,2023-01-06 15:25:37.711130,Marwa,Marwa,False,,2023-01-06 15:25:37.711130,2023-01-06 15:25:37.711130,Marwa,15,105,2023-09-01,1,10.72,4594,officiel,25,19,170,False,35,9,2023,2023-W35,2023-M9
151,2119544,2023-01-06 15:27:16.403766,2023-01-06 15:27:16.403786,Marwa,Marwa,False,,2023-01-06 15:27:16.403786,2023-01-06 15:27:16.403786,Marwa,15,105,2023-09-04,1,10.72,4595,officiel,25,19,170,False,36,9,2023,2023-W36,2023-M9
152,2119545,2023-01-06 15:27:16.445554,2023-01-06 15:27:16.445554,Marwa,Marwa,False,,2023-01-06 15:27:16.445554,2023-01-06 15:27:16.445554,Marwa,15,105,2023-09-05,1,10.72,4596,officiel,25,19,170,False,36,9,2023,2023-W36,2023-M9
153,2119546,2023-01-06 15:27:16.478967,2023-01-06 15:27:16.478967,Marwa,Marwa,False,,2023-01-06 15:27:16.478967,2023-01-06 15:27:16.478967,Marwa,15,105,2023-09-06,1,10.72,4597,officiel,25,19,170,False,36,9,2023,2023-W36,2023-M9
154,2119547,2023-01-06 15:27:16.516817,2023-01-06 15:27:16.516817,Marwa,Marwa,False,,2023-01-06 15:27:16.516817,2023-01-06 15:27:16.516817,Marwa,15,105,2023-09-07,1,10.72,4598,officiel,25,19,170,False,36,9,2023,2023-W36,2023-M9
155,2119548,2023-01-06 15:27:16.545267,2023-01-06 15:27:16.545267,Marwa,Marwa,False,,2023-01-06 15:27:16.545267,2023-01-06 15:27:16.545267,Marwa,15,105,2023-09-08,1,10.72,4599,officiel,25,19,170,False,36,9,2023,2023-W36,2023-M9
156,2119549,2023-01-06 15:28:12.198394,2023-01-06 15:28:12.198394,Marwa,Marwa,False,,2023-01-06 15:28:12.198394,2023-01-06 15:28:12.198394,Marwa,15,105,2023-09-11,1,10.72,4600,officiel,25,19,170,False,37,9,2023,2023-W37,2023-M9
157,2119550,2023-01-06 15:28:12.246374,2023-01-06 15:28:12.246374,Marwa,Marwa,False,,2023-01-06 15:28:12.246374,2023-01-06 15:28:12.246374,Marwa,15,105,2023-09-12,1,10.72,4601,officiel,25,19,170,False,37,9,2023,2023-W37,2023-M9
158,2119551,2023-01-06 15:28:12.278361,2023-01-06 15:28:12.278361,Marwa,Marwa,False,,2023-01-06 15:28:12.278361,2023-01-06 15:28:12.278361,Marwa,15,105,2023-09-13,1,10.72,4602,officiel,25,19,170,False,37,9,2023,2023-W37,2023-M9
159,2119552,2023-01-06 15:28:12.326339,2023-01-06 15:28:12.326339,Marwa,Marwa,False,,2023-01-06 15:28:12.326339,2023-01-06 15:28:12.326339,Marwa,15,105,2023-09-14,1,10.72,4603,officiel,25,19,170,False,37,9,2023,2023-W37,2023-M9
160,2119553,2023-01-06 15:28:12.358326,2023-01-06 15:28:12.358326,Marwa,Marwa,False,,2023-01-06 15:28:12.358326,2023-01-06 15:28:12.358326,Marwa,15,105,2023-09-15,1,10.72,4604,officiel,25,19,170,False,37,9,2023,2023-W37,2023-M9
161,2119554,2023-01-06 15:31:14.661704,2023-01-06 15:31:14.661704,Marwa,Marwa,False,,2023-01-06 15:31:14.661704,2023-01-06 15:31:14.661704,Marwa,15,105,2023-09-18,1,10.72,4605,officiel,25,19,170,False,38,9,2023,2023-W38,2023-M9
162,2119555,2023-01-06 15:31:14.712471,2023-01-06 15:31:14.712471,Marwa,Marwa,False,,2023-01-06 15:31:14.712471,2023-01-06 15:31:14.712471,Marwa,15,105,2023-09-19,1,10.72,4606,officiel,25,19,170,False,38,9,2023,2023-W38,2023-M9
163,2119556,2023-01-06 15:31:14.760069,2023-01-06 15:31:14.760069,Marwa,Marwa,False,,2023-01-06 15:31:14.760069,2023-01-06 15:31:14.760069,Marwa,15,105,2023-09-20,1,10.72,4607,officiel,25,19,170,False,38,9,2023,2023-W38,2023-M9
164,2119557,2023-01-06 15:31:14.801600,2023-01-06 15:31:14.801600,Marwa,Marwa,False,,2023-01-06 15:31:14.801600,2023-01-06 15:31:14.801600,Marwa,15,105,2023-09-21,1,10.72,4608,officiel,25,19,170,False,38,9,2023,2023-W38,2023-M9
165,2119558,2023-01-06 15:31:14.845140,2023-01-06 15:31:14.845140,Marwa,Marwa,False,,2023-01-06 15:31:14.845140,2023-01-06 15:31:14.845140,Marwa,15,105,2023-09-22,1,10.72,4609,officiel,25,19,170,False,38,9,2023,2023-W38,2023-M9
166,2119559,2023-01-06 15:32:25.894098,2023-01-06 15:32:25.894098,Marwa,Marwa,False,,2023-01-06 15:32:25.894098,2023-01-06 15:32:25.894098,Marwa,15,105,2023-09-25,1,10.72,4610,officiel,25,19,170,False,39,9,2023,2023-W39,2023-M9
167,2119560,2023-01-06 15:32:25.924378,2023-01-06 15:32:25.924378,Marwa,Marwa,False,,2023-01-06 15:32:25.924378,2023-01-06 15:32:25.924378,Marwa,15,105,2023-09-26,1,10.72,4611,officiel,25,19,170,False,39,9,2023,2023-W39,2023-M9
168,2119561,2023-01-06 15:33:56.046024,2023-01-06 15:33:56.046024,Marwa,Marwa,False,,2023-01-06 15:33:56.046024,2023-01-06 15:33:56.046024,Marwa,15,105,2023-09-28,1,10.72,4612,officiel,25,19,170,False,39,9,2023,2023-W39,2023-M9
169,2119562,2023-01-06 15:33:56.063960,2023-01-06 15:33:56.063960,Marwa,Marwa,False,,2023-01-06 15:33:56.063960,2023-01-06 15:33:56.063960,Marwa,15,105,2023-09-29,1,10.72,4613,officiel,25,19,170,False,39,9,2023,2023-W39,2023-M9
170,2119563,2023-01-06 15:34:55.570691,2023-01-06 15:34:55.570691,Marwa,Marwa,False,,2023-01-06 15:34:55.570691,2023-01-06 15:34:55.570691,Marwa,15,105,2023-10-02,1,10.72,4619,officiel,25,19,170,False,40,10,2023,2023-W40,2023-M10
171,2119564,2023-01-06 15:34:55.579815,2023-01-06 15:34:55.579815,Marwa,Marwa,False,,2023-01-06 15:34:55.579815,2023-01-06 15:34:55.579815,Marwa,15,105,2023-10-03,1,10.72,4620,officiel,25,19,170,False,40,10,2023,2023-W40,2023-M10
172,2119565,2023-01-06 15:34:55.586551,2023-01-06 15:34:55.586551,Marwa,Marwa,False,,2023-01-06 15:34:55.586551,2023-01-06 15:34:55.586551,Marwa,15,105,2023-10-04,1,10.72,4621,officiel,25,19,170,False,40,10,2023,2023-W40,2023-M10
173,2119566,2023-01-06 15:34:55.592623,2023-01-06 15:34:55.592623,Marwa,Marwa,False,,2023-01-06 15:34:55.592623,2023-01-06 15:34:55.592623,Marwa,15,105,2023-10-05,1,10.72,4622,officiel,25,19,170,False,40,10,2023,2023-W40,2023-M10
174,2119567,2023-01-06 15:34:55.599519,2023-01-06 15:34:55.599519,Marwa,Marwa,False,,2023-01-06 15:34:55.599519,2023-01-06 15:34:55.599519,Marwa,15,105,2023-10-06,1,10.72,4623,officiel,25,19,170,False,40,10,2023,2023-W40,2023-M10
175,2119568,2023-01-06 15:35:30.669651,2023-01-06 15:35:30.669651,Marwa,Marwa,False,,2023-01-06 15:35:30.669651,2023-01-06 15:35:30.669651,Marwa,15,105,2023-10-09,1,10.72,4624,officiel,25,19,170,False,41,10,2023,2023-W41,2023-M10
176,2119569,2023-01-06 15:35:30.679109,2023-01-06 15:35:30.679109,Marwa,Marwa,False,,2023-01-06 15:35:30.679109,2023-01-06 15:35:30.679109,Marwa,15,105,2023-10-10,1,10.72,4625,officiel,25,19,170,False,41,10,2023,2023-W41,2023-M10
177,2119570,2023-01-06 15:35:30.690096,2023-01-06 15:35:30.690096,Marwa,Marwa,False,,2023-01-06 15:35:30.690096,2023-01-06 15:35:30.690096,Marwa,15,105,2023-10-11,1,10.72,4626,officiel,25,19,170,False,41,10,2023,2023-W41,2023-M10
178,2119571,2023-01-06 15:35:30.698056,2023-01-06 15:35:30.698056,Marwa,Marwa,False,,2023-01-06 15:35:30.698056,2023-01-06 15:35:30.698056,Marwa,15,105,2023-10-12,1,10.72,4627,officiel,25,19,170,False,41,10,2023,2023-W41,2023-M10
179,2119572,2023-01-06 15:35:30.709074,2023-01-06 15:35:30.709074,Marwa,Marwa,False,,2023-01-06 15:35:30.709074,2023-01-06 15:35:30.709074,Marwa,15,105,2023-10-13,1,10.72,4628,officiel,25,19,170,False,41,10,2023,2023-W41,2023-M10
180,2119573,2023-01-06 15:36:02.597097,2023-01-06 15:36:02.597097,Marwa,Marwa,False,,2023-01-06 15:36:02.597097,2023-01-06 15:36:02.597097,Marwa,15,105,2023-10-16,1,10.72,4629,officiel,25,19,170,False,42,10,2023,2023-W42,2023-M10
181,2119574,2023-01-06 15:36:02.607274,2023-01-06 15:36:02.607274,Marwa,Marwa,False,,2023-01-06 15:36:02.607274,2023-01-06 15:36:02.607274,Marwa,15,105,2023-10-17,1,10.72,4630,officiel,25,19,170,False,42,10,2023,2023-W42,2023-M10
182,2119575,2023-01-06 15:36:02.614260,2023-01-06 15:36:02.614260,Marwa,Marwa,False,,2023-01-06 15:36:02.614260,2023-01-06 15:36:02.614260,Marwa,15,105,2023-10-18,1,10.72,4631,officiel,25,19,170,False,42,10,2023,2023-W42,2023-M10
183,2119576,2023-01-06 15:36:02.623541,2023-01-06 15:36:02.623541,Marwa,Marwa,False,,2023-01-06 15:36:02.623541,2023-01-06 15:36:02.623541,Marwa,15,105,2023-10-19,1,10.72,4632,officiel,25,19,170,False,42,10,2023,2023-W42,2023-M10
184,2119577,2023-01-06 15:36:02.631499,2023-01-06 15:36:02.631499,Marwa,Marwa,False,,2023-01-06 15:36:02.631499,2023-01-06 15:36:02.631499,Marwa,15,105,2023-10-20,1,10.72,4633,officiel,25,19,170,False,42,10,2023,2023-W42,2023-M10
185,2119578,2023-01-06 15:36:39.141467,2023-01-06 15:36:39.141467,Marwa,Marwa,False,,2023-01-06 15:36:39.141467,2023-01-06 15:36:39.141467,Marwa,15,105,2023-10-23,1,10.72,4634,officiel,25,19,170,False,43,10,2023,2023-W43,2023-M10
186,2119579,2023-01-06 15:36:39.155564,2023-01-06 15:36:39.155564,Marwa,Marwa,False,,2023-01-06 15:36:39.155564,2023-01-06 15:36:39.155564,Marwa,15,105,2023-10-24,1,10.72,4635,officiel,25,19,170,False,43,10,2023,2023-W43,2023-M10
187,2119580,2023-01-06 15:36:39.162938,2023-01-06 15:36:39.162938,Marwa,Marwa,False,,2023-01-06 15:36:39.162938,2023-01-06 15:36:39.162938,Marwa,15,105,2023-10-25,1,10.72,4636,officiel,25,19,170,False,43,10,2023,2023-W43,2023-M10
188,2119581,2023-01-06 15:36:39.175877,2023-01-06 15:36:39.175877,Marwa,Marwa,False,,2023-01-06 15:36:39.175877,2023-01-06 15:36:39.175877,Marwa,15,105,2023-10-26,1,10.72,4637,officiel,25,19,170,False,43,10,2023,2023-W43,2023-M10
189,2119582,2023-01-06 15:36:39.186884,2023-01-06 15:36:39.186884,Marwa,Marwa,False,,2023-01-06 15:36:39.186884,2023-01-06 15:36:39.186884,Marwa,15,105,2023-10-27,1,10.72,4638,officiel,25,19,170,False,43,10,2023,2023-W43,2023-M10
190,2119583,2023-01-06 15:37:09.255913,2023-01-06 15:37:09.255913,Marwa,Marwa,False,,2023-01-06 15:37:09.255913,2023-01-06 15:37:09.255913,Marwa,15,105,2023-10-30,1,10.72,4639,officiel,25,19,170,False,44,10,2023,2023-W44,2023-M10
191,2119584,2023-01-06 15:37:09.267924,2023-01-06 15:37:09.267924,Marwa,Marwa,False,,2023-01-06 15:37:09.267924,2023-01-06 15:37:09.267924,Marwa,15,105,2023-10-31,1,10.72,4640,officiel,25,19,170,False,44,10,2023,2023-W44,2023-M10
192,2119585,2023-01-06 15:38:11.022795,2023-01-06 15:38:11.022795,Marwa,Marwa,False,,2023-01-06 15:38:11.022795,2023-01-06 15:38:11.022795,Marwa,15,105,2023-11-01,1,10.72,4644,officiel,25,19,170,False,44,11,2023,2023-W44,2023-M11
193,2119586,2023-01-06 15:38:11.035713,2023-01-06 15:38:11.035713,Marwa,Marwa,False,,2023-01-06 15:38:11.035713,2023-01-06 15:38:11.035713,Marwa,15,105,2023-11-02,1,10.72,4645,officiel,25,19,170,False,44,11,2023,2023-W44,2023-M11
194,2119587,2023-01-06 15:38:11.044660,2023-01-06 15:38:11.044660,Marwa,Marwa,False,,2023-01-06 15:38:11.044660,2023-01-06 15:38:11.044660,Marwa,15,105,2023-11-03,1,10.72,4646,officiel,25,19,170,False,44,11,2023,2023-W44,2023-M11
195,2119588,2023-01-06 15:38:40.489235,2023-01-06 15:38:40.489235,Marwa,Marwa,False,,2023-01-06 15:38:40.489235,2023-01-06 15:38:40.489235,Marwa,15,105,2023-11-06,1,10.72,4647,officiel,25,19,170,False,45,11,2023,2023-W45,2023-M11
196,2119589,2023-01-06 15:38:40.503188,2023-01-06 15:38:40.503188,Marwa,Marwa,False,,2023-01-06 15:38:40.503188,2023-01-06 15:38:40.503188,Marwa,15,105,2023-11-07,1,10.72,4648,officiel,25,19,170,False,45,11,2023,2023-W45,2023-M11
197,2119590,2023-01-06 15:38:40.512509,2023-01-06 15:38:40.512509,Marwa,Marwa,False,,2023-01-06 15:38:40.512509,2023-01-06 15:38:40.512509,Marwa,15,105,2023-11-08,1,10.72,4649,officiel,25,19,170,False,45,11,2023,2023-W45,2023-M11
198,2119591,2023-01-06 15:38:40.528065,2023-01-06 15:38:40.528065,Marwa,Marwa,False,,2023-01-06 15:38:40.528065,2023-01-06 15:38:40.528065,Marwa,15,105,2023-11-09,1,10.72,4650,officiel,25,19,170,False,45,11,2023,2023-W45,2023-M11
199,2119592,2023-01-06 15:38:40.542018,2023-01-06 15:38:40.542018,Marwa,Marwa,False,,2023-01-06 15:38:40.542018,2023-01-06 15:38:40.542018,Marwa,15,105,2023-11-10,1,10.72,4651,officiel,25,19,170,False,45,11,2023,2023-W45,2023-M11
200,2119593,2023-01-06 15:39:22.479131,2023-01-06 15:39:22.479131,Marwa,Marwa,False,,2023-01-06 15:39:22.479131,2023-01-06 15:39:22.479131,Marwa,15,105,2023-11-13,1,10.72,4652,officiel,25,19,170,False,46,11,2023,2023-W46,2023-M11
201,2119594,2023-01-06 15:39:22.489972,2023-01-06 15:39:22.489972,Marwa,Marwa,False,,2023-01-06 15:39:22.489972,2023-01-06 15:39:22.489972,Marwa,15,105,2023-11-14,1,10.72,4653,officiel,25,19,170,False,46,11,2023,2023-W46,2023-M11
202,2119595,2023-01-06 15:39:22.499038,2023-01-06 15:39:22.499038,Marwa,Marwa,False,,2023-01-06 15:39:22.499038,2023-01-06 15:39:22.499038,Marwa,15,105,2023-11-15,1,10.72,4654,officiel,25,19,170,False,46,11,2023,2023-W46,2023-M11
203,2119596,2023-01-06 15:39:22.507578,2023-01-06 15:39:22.507578,Marwa,Marwa,False,,2023-01-06 15:39:22.507578,2023-01-06 15:39:22.507578,Marwa,15,105,2023-11-16,1,10.72,4655,officiel,25,19,170,False,46,11,2023,2023-W46,2023-M11
204,2119597,2023-01-06 15:39:22.523523,2023-01-06 15:39:22.523523,Marwa,Marwa,False,,2023-01-06 15:39:22.523523,2023-01-06 15:39:22.523523,Marwa,15,105,2023-11-17,1,10.72,4656,officiel,25,19,170,False,46,11,2023,2023-W46,2023-M11
205,2119598,2023-01-06 15:39:54.539306,2023-01-06 15:39:54.539306,Marwa,Marwa,False,,2023-01-06 15:39:54.539306,2023-01-06 15:39:54.539306,Marwa,15,105,2023-11-20,1,10.72,4657,officiel,25,19,170,False,47,11,2023,2023-W47,2023-M11
206,2119599,2023-01-06 15:39:54.553428,2023-01-06 15:39:54.553428,Marwa,Marwa,False,,2023-01-06 15:39:54.553428,2023-01-06 15:39:54.553428,Marwa,15,105,2023-11-21,1,10.72,4658,officiel,25,19,170,False,47,11,2023,2023-W47,2023-M11
207,2119600,2023-01-06 15:39:54.564022,2023-01-06 15:39:54.565018,Marwa,Marwa,False,,2023-01-06 15:39:54.565018,2023-01-06 15:39:54.565018,Marwa,15,105,2023-11-22,1,10.72,4659,officiel,25,19,170,False,47,11,2023,2023-W47,2023-M11
208,2119601,2023-01-06 15:39:54.575922,2023-01-06 15:39:54.575922,Marwa,Marwa,False,,2023-01-06 15:39:54.575922,2023-01-06 15:39:54.575922,Marwa,15,105,2023-11-23,1,10.72,4660,officiel,25,19,170,False,47,11,2023,2023-W47,2023-M11
209,2119602,2023-01-06 15:39:54.588244,2023-01-06 15:39:54.588244,Marwa,Marwa,False,,2023-01-06 15:39:54.588244,2023-01-06 15:39:54.588244,Marwa,15,105,2023-11-24,1,10.72,4661,officiel,25,19,170,False,47,11,2023,2023-W47,2023-M11
210,2119603,2023-01-06 15:40:28.436430,2023-01-06 15:40:28.436430,Marwa,Marwa,False,,2023-01-06 15:40:28.436430,2023-01-06 15:40:28.436430,Marwa,15,105,2023-11-27,1,10.72,4662,officiel,25,19,170,False,48,11,2023,2023-W48,2023-M11
211,2119604,2023-01-06 15:40:28.451380,2023-01-06 15:40:28.451380,Marwa,Marwa,False,,2023-01-06 15:40:28.451380,2023-01-06 15:40:28.451380,Marwa,15,105,2023-11-28,1,10.72,4663,officiel,25,19,170,False,48,11,2023,2023-W48,2023-M11
212,2119605,2023-01-06 15:40:28.464339,2023-01-06 15:40:28.464339,Marwa,Marwa,False,,2023-01-06 15:40:28.464339,2023-01-06 15:40:28.464339,Marwa,15,105,2023-11-29,1,10.72,4664,officiel,25,19,170,False,48,11,2023,2023-W48,2023-M11
213,2119606,2023-01-06 15:40:28.483273,2023-01-06 15:40:28.483273,Marwa,Marwa,False,,2023-01-06 15:40:28.483273,2023-01-06 15:40:28.483273,Marwa,15,105,2023-11-30,1,10.72,4665,officiel,25,19,170,False,48,11,2023,2023-W48,2023-M11
214,2119607,2023-01-06 15:42:48.515356,2023-01-06 15:42:48.515356,Marwa,Marwa,False,,2023-01-06 15:42:48.515356,2023-01-06 15:42:48.515356,Marwa,15,105,2023-12-01,1,10.72,4667,officiel,25,19,170,False,48,12,2023,2023-W48,2023-M12
215,2119608,2023-01-06 15:43:23.485942,2023-01-06 15:43:23.485942,Marwa,Marwa,False,,2023-01-06 15:43:23.485942,2023-01-06 15:43:23.485942,Marwa,15,105,2023-12-04,1,10.72,4668,officiel,25,19,170,False,49,12,2023,2023-W49,2023-M12
216,2119609,2023-01-06 15:43:23.501374,2023-01-06 15:43:23.501374,Marwa,Marwa,False,,2023-01-06 15:43:23.501374,2023-01-06 15:43:23.501374,Marwa,15,105,2023-12-05,1,10.72,4669,officiel,25,19,170,False,49,12,2023,2023-W49,2023-M12
217,2119610,2023-01-06 15:43:23.508627,2023-01-06 15:43:23.508627,Marwa,Marwa,False,,2023-01-06 15:43:23.508627,2023-01-06 15:43:23.508627,Marwa,15,105,2023-12-06,1,10.72,4670,officiel,25,19,170,False,49,12,2023,2023-W49,2023-M12
218,2119611,2023-01-06 15:43:23.521013,2023-01-06 15:43:23.521013,Marwa,Marwa,False,,2023-01-06 15:43:23.521013,2023-01-06 15:43:23.521013,Marwa,15,105,2023-12-07,1,10.72,4671,officiel,25,19,170,False,49,12,2023,2023-W49,2023-M12
219,2119612,2023-01-06 15:43:23.531206,2023-01-06 15:43:23.531206,Marwa,Marwa,False,,2023-01-06 15:43:23.531206,2023-01-06 15:43:23.531206,Marwa,15,105,2023-12-08,1,10.72,4672,officiel,25,19,170,False,49,12,2023,2023-W49,2023-M12
220,2119613,2023-01-06 15:43:59.474999,2023-01-06 15:43:59.474999,Marwa,Marwa,False,,2023-01-06 15:43:59.474999,2023-01-06 15:43:59.474999,Marwa,15,105,2023-12-11,1,10.72,4673,officiel,25,19,170,False,50,12,2023,2023-W50,2023-M12
221,2119614,2023-01-06 15:43:59.489979,2023-01-06 15:43:59.489979,Marwa,Marwa,False,,2023-01-06 15:43:59.489979,2023-01-06 15:43:59.489979,Marwa,15,105,2023-12-12,1,10.72,4674,officiel,25,19,170,False,50,12,2023,2023-W50,2023-M12
222,2119615,2023-01-06 15:43:59.504006,2023-01-06 15:43:59.504006,Marwa,Marwa,False,,2023-01-06 15:43:59.504006,2023-01-06 15:43:59.504006,Marwa,15,105,2023-12-13,1,10.72,4675,officiel,25,19,170,False,50,12,2023,2023-W50,2023-M12
223,2119616,2023-01-06 15:43:59.515921,2023-01-06 15:43:59.515921,Marwa,Marwa,False,,2023-01-06 15:43:59.515921,2023-01-06 15:43:59.515921,Marwa,15,105,2023-12-14,1,10.72,4676,officiel,25,19,170,False,50,12,2023,2023-W50,2023-M12
224,2119617,2023-01-06 15:43:59.524167,2023-01-06 15:43:59.524167,Marwa,Marwa,False,,2023-01-06 15:43:59.524167,2023-01-06 15:43:59.524167,Marwa,15,105,2023-12-15,1,10.72,4677,officiel,25,19,170,False,50,12,2023,2023-W50,2023-M12
225,2119618,2023-01-06 15:44:26.882566,2023-01-06 15:44:26.882566,Marwa,Marwa,False,,2023-01-06 15:44:26.882566,2023-01-06 15:44:26.882566,Marwa,15,105,2023-12-18,1,10.72,4678,officiel,25,19,170,False,51,12,2023,2023-W51,2023-M12
226,2119619,2023-01-06 15:44:26.900683,2023-01-06 15:44:26.900683,Marwa,Marwa,False,,2023-01-06 15:44:26.900683,2023-01-06 15:44:26.900683,Marwa,15,105,2023-12-19,1,10.72,4679,officiel,25,19,170,False,51,12,2023,2023-W51,2023-M12
227,2119620,2023-01-06 15:44:26.908543,2023-01-06 15:44:26.908543,Marwa,Marwa,False,,2023-01-06 15:44:26.908543,2023-01-06 15:44:26.908543,Marwa,15,105,2023-12-20,1,10.72,4680,officiel,25,19,170,False,51,12,2023,2023-W51,2023-M12
228,2119621,2023-01-06 15:44:26.921286,2023-01-06 15:44:26.921286,Marwa,Marwa,False,,2023-01-06 15:44:26.921286,2023-01-06 15:44:26.921286,Marwa,15,105,2023-12-21,1,10.72,4681,officiel,25,19,170,False,51,12,2023,2023-W51,2023-M12
229,2119622,2023-01-06 15:44:26.933555,2023-01-06 15:44:26.933555,Marwa,Marwa,False,,2023-01-06 15:44:26.933555,2023-01-06 15:44:26.933555,Marwa,15,105,2023-12-22,1,10.72,4682,officiel,25,19,170,False,51,12,2023,2023-W51,2023-M12
230,2119623,2023-01-06 15:44:54.565692,2023-01-06 15:44:54.566690,Marwa,Marwa,False,,2023-01-06 15:44:54.566690,2023-01-06 15:44:54.566690,Marwa,15,105,2023-12-25,1,10.72,4683,officiel,25,19,170,False,52,12,2023,2023-W52,2023-M12
231,2119624,2023-01-06 15:44:54.578345,2023-01-06 15:44:54.578345,Marwa,Marwa,False,,2023-01-06 15:44:54.578345,2023-01-06 15:44:54.578345,Marwa,15,105,2023-12-26,1,10.72,4684,officiel,25,19,170,False,52,12,2023,2023-W52,2023-M12
232,2119625,2023-01-06 15:44:54.585251,2023-01-06 15:44:54.585251,Marwa,Marwa,False,,2023-01-06 15:44:54.585251,2023-01-06 15:44:54.585251,Marwa,15,105,2023-12-27,1,10.72,4685,officiel,25,19,170,False,52,12,2023,2023-W52,2023-M12
233,2119626,2023-01-06 15:44:54.590531,2023-01-06 15:44:54.590531,Marwa,Marwa,False,,2023-01-06 15:44:54.590531,2023-01-06 15:44:54.590531,Marwa,15,105,2023-12-28,1,10.72,4686,officiel,25,19,170,False,52,12,2023,2023-W52,2023-M12
234,2119627,2023-01-06 15:44:54.599942,2023-01-06 15:44:54.599942,Marwa,Marwa,False,,2023-01-06 15:44:54.599942,2023-01-06 15:44:54.599942,Marwa,15,105,2023-12-29,1,10.72,4687,officiel,25,19,170,False,52,12,2023,2023-W52,2023-M12
235,2119628,2023-01-06 15:59:41.987014,2023-01-06 15:59:41.987014,Marwa,Marwa,False,,2023-01-06 15:59:41.987014,2023-01-06 15:59:41.987014,Marwa,15,105,2023-02-14,1,10.72,4689,officiel,25,19,170,False,7,2,2023,2023-W7,2023-M2
236,2119629,2023-01-06 15:59:41.996513,2023-01-06 15:59:41.996513,Marwa,Marwa,False,,2023-01-06 15:59:41.997510,2023-01-06 15:59:41.997510,Marwa,15,105,2023-02-15,1,10.72,4690,officiel,25,19,170,False,7,2,2023,2023-W7,2023-M2
237,2119630,2023-01-06 15:59:42.005859,2023-01-06 15:59:42.005859,Marwa,Marwa,False,,2023-01-06 15:59:42.005859,2023-01-06 15:59:42.005859,Marwa,15,105,2023-02-16,1,10.72,4691,officiel,25,19,170,False,7,2,2023,2023-W7,2023-M2
238,2119631,2023-01-06 15:59:42.015826,2023-01-06 15:59:42.015826,Marwa,Marwa,False,,2023-01-06 15:59:42.015826,2023-01-06 15:59:42.015826,Marwa,15,105,2023-02-17,1,10.72,4692,officiel,25,19,170,False,7,2,2023,2023-W7,2023-M2
239,2119632,2023-02-08 08:57:06.750301,2023-02-08 08:57:06.750301,Marwa,Marwa,False,,2023-02-08 08:57:06.750301,2023-02-08 08:57:06.750301,Marwa,15,105,2024-03-01,1,12.0,4698,officiel,25,19,170,False,9,3,2024,2024-W9,2024-M3
240,2119633,2023-01-06 14:34:20.687732,2023-01-06 15:50:29.499446,Marwa,Marwa,False,,2023-01-06 14:34:20.687732,2023-01-06 15:50:29.499446,Marwa,15,105,2023-01-30,1,10.72,4447,officiel,25,19,170,False,5,1,2023,2023-W5,2023-M1
241,2119634,2023-02-07 08:54:44.991072,2023-02-07 08:54:44.991072,Marwa,Marwa,False,,2023-02-07 08:54:44.991072,2023-02-07 08:54:44.991072,Marwa,15,105,2022-02-01,1,1.0,4697,officiel,25,19,170,False,5,2,2022,2022-W5,2022-M2
