,key_start_day,id,created_at,updated_at,created_by,updated_by,is_deleted,deleted_by,deleted_at,restored_at,restored_by,division,profit_centre,order,material,designation,order_type,order_quantity,date_start_plan,date_end_plan,fixation,date_reordo,message,order_stat,customer_order,date_end_real,AllocatedTime,Leadtime,workstation,Allocated_Time_On_Workstation,Smooth_Family,Ranking,Freeze_end_date,Remain_to_do,smoothing_end_date,closed,freezed,key
0,,21276,2022-09-13 09:52:49.237995,2022-09-13 09:52:49.237995,Marwa,Marwa,False,,2022-09-13 09:52:49.248045,2022-09-13 09:52:49.248045,,2110,107,3685523,IS0015667M,107A-DE-820-40,YP04,1,2021-01-06,2021-02-16,None,,,TCLO IMPR CONF LIVR CCRP ERCT MMEf RIMP,A110702008,2021-02-15,765.12,22.0,prod,1.0,1,2021-02-16,,,,True,not_freezed,1071NaT
1,,21277,2022-09-13 09:52:49.237995,2022-09-13 09:52:49.237995,Marwa,Marwa,False,,2022-09-13 09:52:49.248045,2022-09-13 09:52:49.248045,,2110,107,3691596,IS0015730M,107B-DE-820-40,YP04,1,2021-02-02,2021-03-12,None,,,TCLO ARTM IMPR CONF LIVR CCRP ERCT MMEf*,A210702001,2021-03-01,765.12,22.0,prod,0.0,1,2021-03-12,,,,True,not_freezed,1071NaT
2,,21278,2022-09-13 09:52:49.237995,2022-09-13 09:52:49.237995,Marwa,Marwa,False,,2022-09-13 09:52:49.248045,2022-09-13 09:52:49.248045,,2110,107,3700584,IS0015730M,107B-DE-820-40,YP04,1,2021-02-04,2021-03-16,None,,,TCLO ARTM IMPR CONF LIVR CCRP ERCT MMEf*,A210701970,2021-03-10,765.12,22.0,prod,0.0,1,2021-03-16,,,,True,not_freezed,1071NaT
3,,21279,2022-09-13 09:52:49.237995,2022-09-13 09:52:49.237995,Marwa,Marwa,False,,2022-09-13 09:52:49.248045,2022-09-13 09:52:49.248045,,2110,107,3697577,IS0015730M,107B-DE-820-40,YP04,1,2021-02-16,2021-03-26,None,,,TCLO IMPR CONF LIVR CCRP ERCT ARCO MMEf*,A210702003,2021-03-19,765.12,22.0,prod,0.0,1,2021-03-26,,,,True,not_freezed,1071NaT
4,,21280,2022-09-13 09:52:49.237995,2022-09-13 09:52:49.237995,Marwa,Marwa,False,,2022-09-13 09:52:49.248045,2022-09-13 09:52:49.248045,,2110,107,3703052,IS0015730M,107B-DE-820-40,YP04,1,2021-03-08,2021-04-15,None,,,TCLO ARTM IPRP CONF LIVR CCRP ERCT MMEf*,A210702002,2021-04-08,765.12,22.0,prod,0.0,1,2021-04-15,,,,True,not_freezed,1071NaT
5,,21281,2022-09-13 09:52:49.237995,2022-09-13 09:52:49.237995,Marwa,Marwa,False,,2022-09-13 09:52:49.248045,2022-09-13 09:52:49.248045,,2110,107,3722216,IS0015667M,107A-DE-820-40,YP04,1,2021-03-19,2021-04-28,None,,,TCLO ARTM IMPR CONF LIVR CCRP ERCT MMEf*,A110702011,2021-04-19,765.12,22.0,prod,1.0,1,2021-04-28,,,,True,not_freezed,1071NaT
6,,21282,2022-09-13 09:52:49.237995,2022-09-13 09:52:49.237995,Marwa,Marwa,False,,2022-09-13 09:52:49.248045,2022-09-13 09:52:49.248045,,2110,107,3746964,IS0015730M,107B-DE-820-40,YP04,1,2021-04-22,2021-05-18,None,,,TCLO IMPR CONF LIVR CCRP MMEf PART RIMP,A210701995,2021-04-29,765.12,22.0,prod,0.0,1,2021-05-18,,,,True,not_freezed,1071NaT
7,,21283,2022-09-13 09:52:49.237995,2022-09-13 09:52:49.237995,Marwa,Marwa,False,,2022-09-13 09:52:49.248045,2022-09-13 09:52:49.248045,,2110,107,3729660,IS0015730M,107B-DE-820-40,YP04,1,2021-04-12,2021-05-25,None,,,TCLO IPRP CONF LIVR CCRP ERCT ARCO MMEf*,A210702004,2021-05-17,765.12,22.0,prod,0.0,1,2021-05-25,,,,True,not_freezed,1071NaT
8,,21284,2022-09-13 09:52:49.237995,2022-09-13 09:52:49.237995,Marwa,Marwa,False,,2022-09-13 09:52:49.248045,2022-09-13 09:52:49.248045,,2110,107,3737354,IS0015730M,107B-DE-820-40,YP04,1,2021-04-26,2021-06-08,None,,,TCLO IMPR CONF LIVR CCRP ERCT ARCO MMEf*,A210702006,2021-05-24,765.12,22.0,prod,0.0,1,2021-06-08,,,,True,not_freezed,1071NaT
9,,21285,2022-09-13 09:52:49.237995,2022-09-13 09:52:49.237995,Marwa,Marwa,False,,2022-09-13 09:52:49.248045,2022-09-13 09:52:49.248045,,2110,107,3740787,IS0015667M,107A-DE-820-40,YP04,1,2021-05-17,2021-06-24,None,,,TCLO IMPR CONF LIVR CCRP ERCT ARCO MMEf*,A110702007,2021-06-07,765.12,22.0,prod,1.0,1,2021-06-24,,,,True,not_freezed,1071NaT
10,,21286,2022-09-13 09:52:49.237995,2022-09-13 09:52:49.237995,Marwa,Marwa,False,,2022-09-13 09:52:49.248045,2022-09-13 09:52:49.248045,,2110,107,3757519,IS0015730M,107B-DE-820-40,YP04,1,2021-06-01,2021-07-08,None,,,TCLO IMPR CONF LIVR CCRP ERCT ARCO MMEf*,A210702000,2021-06-30,765.12,22.0,prod,0.0,1,2021-07-08,,,,True,not_freezed,1071NaT
11,,21287,2022-09-13 09:52:49.237995,2022-09-13 09:52:49.237995,Marwa,Marwa,False,,2022-09-13 09:52:49.248045,2022-09-13 09:52:49.248045,,2110,107,3772543,IS0015730M,107B-DE-820-40,YP04,1,2021-06-08,2021-07-16,None,,,TCLO IMPR CONF LIVR CCRP ERCT ARCO MMEf*,A210701999,2021-07-14,765.12,22.0,prod,0.0,1,2021-07-16,,,,True,not_freezed,1071NaT
12,,21288,2022-09-13 09:52:49.237995,2022-09-13 09:52:49.237995,Marwa,Marwa,False,,2022-09-13 09:52:49.248045,2022-09-13 09:52:49.248045,,2110,107,3772509,IS0015667M,107A-DE-820-40,YP04,1,2021-06-16,2021-08-20,None,,,TCLO IMPR CONF LIVR CCRP ERCT ARCO MMEf*,A110702012,2021-08-13,765.12,22.0,prod,1.0,1,2021-08-20,,,,True,not_freezed,1071NaT
13,,21289,2022-09-13 09:52:49.237995,2022-09-13 09:52:49.237995,Marwa,Marwa,False,,2022-09-13 09:52:49.248045,2022-09-13 09:52:49.248045,,2110,107,3806010,IS0015730M,107B-DE-820-40,YP04,1,2021-08-23,2021-09-14,None,,,TCLO IMPR CONF LIVR CCRP ERCT ARCO MMEf*,A210702009,2021-09-13,765.12,22.0,prod,0.0,1,2021-09-14,,,,True,not_freezed,1071NaT
14,,21290,2022-09-13 09:52:49.237995,2022-09-13 09:52:49.237995,Marwa,Marwa,False,,2022-09-13 09:52:49.248045,2022-09-13 09:52:49.248045,,2110,107,3801724,IS0015730M,107B-DE-820-40,YP04,1,2021-08-12,2021-09-17,None,,,TCLO IMPR CONF LIVR CCRP ERCT ARCO MMEf*,A210702010,2021-09-02,765.12,22.0,prod,0.0,1,2021-09-17,,,,True,not_freezed,1071NaT
15,,21291,2022-09-13 09:52:49.237995,2022-09-13 09:52:49.237995,Marwa,Marwa,False,,2022-09-13 09:52:49.248045,2022-09-13 09:52:49.248045,,2110,107,3816047,IS0015730M,107B-DE-820-40,YP04,1,2021-09-07,2021-10-13,None,,,TCLO IMPR CONF LIVR CCRP ERCT ARCO MMEf*,A210702013,2021-09-27,765.12,22.0,prod,0.0,1,2021-10-13,,,,True,not_freezed,1071NaT
16,,21292,2022-09-13 09:52:49.237995,2022-09-13 09:52:49.237995,Marwa,Marwa,False,,2022-09-13 09:52:49.248045,2022-09-13 09:52:49.248045,,2110,107,3823653,IS0015730M,107B-DE-820-40,YP04,1,2021-09-24,2021-10-13,None,,,TCLO IMPR CONF LIVR CCRP ERCT ARCO MMEf*,A210702014,2021-10-15,765.12,22.0,prod,0.0,1,2021-10-13,,,,True,not_freezed,1071NaT
17,,21293,2022-09-13 09:52:49.237995,2022-09-13 09:52:49.237995,Marwa,Marwa,False,,2022-09-13 09:52:49.248045,2022-09-13 09:52:49.248045,,2110,107,3826588,IS0015667M,107A-DE-820-40,YP04,1,2021-10-07,2021-11-15,None,,,TCLO IMPR CONF LIVR CCRP ERCT ARCO MMEf*,A110702015,2021-11-08,765.12,22.0,prod,1.0,1,2021-11-15,,,,True,not_freezed,1071NaT
18,,21294,2022-09-13 09:52:49.237995,2022-09-13 09:52:49.237995,Marwa,Marwa,False,,2022-09-13 09:52:49.248045,2022-09-13 09:52:49.248045,,2110,107,3842175,IS0015730M,107B-DE-820-40,YP04,1,2021-11-04,2021-11-29,None,,,TCLO ARTM IPRP CONF LIVR CCRP ERCT MMEf*,A210702016,2021-11-25,765.12,22.0,prod,0.0,1,2021-11-29,,,,True,not_freezed,1071NaT
19,,21295,2022-09-13 09:52:49.237995,2022-09-13 09:52:49.237995,Marwa,Marwa,False,,2022-09-13 09:52:49.248045,2022-09-13 09:52:49.248045,,2110,107,3854893,IS0015730M,107B-DE-820-40,YP04,1,2021-12-02,2021-12-27,None,,,TCLO ARTM IMPR CONF LIVR CCRP ERCT MMEf*,A210702017,2021-12-14,765.12,22.0,prod,0.0,1,2021-12-27,,,,True,not_freezed,1071NaT
20,,21296,2022-09-13 09:52:49.237995,2022-09-13 09:52:49.237995,Marwa,Marwa,False,,2022-09-13 09:52:49.248045,2022-09-13 09:52:49.248045,,2110,107,3862460,IS0015730M,107B-DE-820-40,YP04,1,2021-12-24,2022-01-07,None,,,TCLO ARTM IPRP CONF LIVR CCRP ERCT MMEf*,A210702018,2022-01-11,765.12,22.0,prod,0.0,1,2022-01-07,,,,True,not_freezed,1071NaT
21,,21297,2022-09-13 09:52:49.237995,2022-09-13 09:52:49.237995,Marwa,Marwa,False,,2022-09-13 09:52:49.248045,2022-09-13 09:52:49.248045,,2110,107,3869822,IS0015730M,107B-DE-820-40,YP04,1,2022-01-13,2022-01-28,None,,,TCLO IMPR CONF LIVR CCRP ERCT ARCO MMEf*,A210702019,2022-01-28,765.12,22.0,prod,0.0,1,2022-01-28,,,,True,not_freezed,1071NaT
22,,21298,2022-09-13 09:52:49.237995,2022-09-13 09:52:49.237995,Marwa,Marwa,False,,2022-09-13 09:52:49.248045,2022-09-13 09:52:49.248045,,2110,107,3883786,IS0015730M,107B-DE-820-40,YP04,1,2022-01-26,2022-02-09,None,,,TCLO IPRP CONF LIVR CCRP ERCT ARCO MMEf*,A210702020,2022-02-09,765.12,22.0,prod,0.0,1,2022-02-09,,,,True,not_freezed,1071NaT
23,,21299,2022-09-13 09:52:49.237995,2022-09-13 09:52:49.237995,Marwa,Marwa,False,,2022-09-13 09:52:49.248045,2022-09-13 09:52:49.248045,,2110,107,3896140,IS0015730M,107B-DE-820-40,YP04,1,2022-02-11,2022-02-25,None,,,TCLO IMPR CONF LIVR CCRP ERCT ARCO MMEf*,A210702021,2022-02-25,765.12,22.0,prod,0.0,1,2022-02-25,,,,True,not_freezed,1071NaT
24,,21300,2022-09-13 09:52:49.237995,2022-09-13 09:52:49.237995,Marwa,Marwa,False,,2022-09-13 09:52:49.248045,2022-09-13 09:52:49.248045,,2110,107,3900151,IS0015667M,107A-DE-820-40,YP04,1,2022-03-03,2022-03-09,None,,,TCLO IMPR CONF LIVR CCRP ERCT ARCO MMEf*,A110702022,2022-03-09,765.12,22.0,prod,1.0,1,2022-03-09,,,,True,not_freezed,1071NaT
25,,21301,2022-09-13 09:52:49.237995,2022-09-13 09:52:49.237995,Marwa,Marwa,False,,2022-09-13 09:52:49.248045,2022-09-13 09:52:49.248045,,2110,107,6008342,IS0015667M,107A-DE-820-40,YP04,1,2022-03-07,2022-03-28,None,,,TCLO IMPR CONF LIVR CCRP ERCT ARCO MMEf*,A110702023,2022-03-22,765.12,22.0,prod,1.0,1,2022-03-28,,,,True,not_freezed,1071NaT
26,,21302,2022-09-13 09:52:49.237995,2022-09-13 09:52:49.237995,Marwa,Marwa,False,,2022-09-13 09:52:49.248045,2022-09-13 09:52:49.248045,,2110,107,6012939,IS0015730M,107B-DE-820-40,YP04,1,2022-03-29,2022-04-19,None,,,TCLO IMPR CONF LIVR CCRP ERCT ARCO MMEf*,A210702024,2022-04-14,765.12,22.0,prod,0.0,1,2022-04-19,,,,True,not_freezed,1071NaT
27,,21303,2022-09-13 09:52:49.237995,2022-09-13 09:52:49.237995,Marwa,Marwa,False,,2022-09-13 09:52:49.248045,2022-09-13 09:52:49.248045,,2110,107,6023493,IS0015730M,107B-DE-820-40,YP04,1,2022-04-25,2022-05-06,None,,,TCLO IMPR CONF LIVR CCRP ERCT ARCO MMEf*,A210702025,2022-04-28,765.12,22.0,prod,0.0,1,2022-05-06,,,,True,not_freezed,1071NaT
28,,21304,2022-09-13 09:52:49.237995,2022-09-13 09:52:49.237995,Marwa,Marwa,False,,2022-09-13 09:52:49.248045,2022-09-13 09:52:49.248045,,2110,107,6024117,IS0015730M,107B-DE-820-40,YP04,1,2022-05-09,2022-05-27,None,,,TCLO IMPR CONF LIVR CCRP ERCT ARCO MMEf*,A210702026,2022-05-17,765.12,22.0,prod,0.0,1,2022-05-27,,,,True,not_freezed,1071NaT
29,,21305,2022-09-13 09:52:49.237995,2022-09-13 09:52:49.237995,Marwa,Marwa,False,,2022-09-13 09:52:49.248045,2022-09-13 09:52:49.248045,,2110,107,6051617,IS0015730M,107B-DE-820-40,YP04,1,2022-05-20,2022-05-30,None,,,TCLO IMPR CONF LIVR CCRP ERCT ARCO MMEf*,A210702028,2022-05-31,765.12,22.0,prod,0.0,1,2022-05-30,,,,True,not_freezed,1071NaT
30,,21306,2022-09-13 09:52:49.237995,2022-09-13 09:52:49.237995,Marwa,Marwa,False,,2022-09-13 09:52:49.248045,2022-09-13 09:52:49.248045,,2110,107,6058306,IS0015667M,107A-DE-820-40,YP04,1,2022-05-30,2022-06-13,None,,,TCLO IMPR CONF LIVR CCRP ERCT ARCO MMEf*,A110702030,2022-06-10,765.12,22.0,prod,1.0,1,2022-06-13,,,,True,not_freezed,1071NaT
31,,21307,2022-09-13 09:52:49.237995,2022-09-13 09:52:49.237995,Marwa,Marwa,False,,2022-09-13 09:52:49.248045,2022-09-13 09:52:49.248045,,2110,107,6065469,IS0015730M,107B-DE-820-40,YP04,1,2022-06-13,2022-06-27,None,,,TCLO IMPR CONF LIVR CCRP ERCT ARCO MMEf*,A210702029,2022-06-23,765.12,22.0,prod,0.0,1,2022-06-27,,,,True,not_freezed,1071NaT
32,,21308,2022-09-13 09:52:49.237995,2022-09-13 09:52:49.237995,Marwa,Marwa,False,,2022-09-13 09:52:49.248045,2022-09-13 09:52:49.248045,,2110,107,6071694,IS0015730M,107B-DE-820-40,YP04,1,2022-06-27,2022-07-06,None,,,TCLO IMPR CONF LIVR CCRP ERCT ARCO MMEf*,A210702031,2022-07-01,765.12,22.0,prod,0.0,1,2022-07-06,,,,True,not_freezed,1071NaT
33,,21309,2022-09-13 09:52:49.237995,2022-09-13 09:52:49.237995,Marwa,Marwa,False,,2022-09-13 09:52:49.248045,2022-09-13 09:52:49.248045,,2110,107,6084046,IS0015730M,107B-DE-820-40,YP04,1,2022-07-04,2022-07-18,None,,,TCLO IMPR CONF LIVR CCRP ERCT ARCO MMEf*,A210702032,2022-07-14,765.12,22.0,prod,0.0,1,2022-07-18,,,,True,not_freezed,1071NaT
34,,21310,2022-09-13 09:52:49.237995,2022-09-13 09:52:49.237995,Marwa,Marwa,False,,2022-09-13 09:52:49.248045,2022-09-13 09:52:49.248045,,2110,107,6085608,IS0015730M,107B-DE-820-40,YP04,1,2022-07-15,2022-08-10,None,,,TCLO IMPR CONF LIVR CCRP ERCT ARCO MMEf*,A210702033,2022-08-09,765.12,22.0,prod,0.0,1,2022-08-10,,,,True,not_freezed,1071NaT
35,,21311,2022-09-13 09:52:49.237995,2022-09-13 09:52:49.237995,Marwa,Marwa,False,,2022-09-13 09:52:49.248045,2022-09-13 09:52:49.248045,,2110,107,6098313,IS0015730M,107B-DE-820-40,YP04,1,2022-08-08,2022-08-30,None,,,TCLO IMPR CONF LIVR CCRP ERCT ARCO MMEf*,A210702034,2022-08-22,765.12,22.0,prod,0.0,1,2022-08-30,,,,True,not_freezed,1071NaT
36,,21312,2022-09-13 09:52:49.237995,2022-09-13 09:52:49.237995,Marwa,Marwa,False,,2022-09-13 09:52:49.248045,2022-09-13 09:52:49.248045,,2110,107,6102704,IS0015730M,107B-DE-820-40,YP04,1,2022-08-23,2022-09-05,None,,,LANC ARTM IMPR CNFP LIVR CCRP ERCT MMEf*,A210702035,2022-09-02,765.12,22.0,prod,0.0,1,2022-09-05,,,,True,not_freezed,1071NaT
37,,21313,2022-09-13 09:52:49.237995,2022-09-13 09:52:49.237995,Marwa,Marwa,False,,2022-09-13 09:52:49.248045,2022-09-13 09:52:49.248045,,2110,107,6113049,IS0015667M,107A-DE-820-40,YP04,1,2022-09-05,2022-09-12,None,2022-09-07,10.0,LANC ARTM IMPR CNFP CCRP ERCT MMEf RIMP,A110702036,,765.12,22.0,prod,1.0,1,2022-09-07,2022-09-12 06:00:00,,2022-09-12 06:00:00,False,Freezed,10712022-09-12 06:00:00
38,,21314,2022-09-13 09:52:49.237995,2022-09-13 09:52:49.237995,Marwa,Marwa,False,,2022-09-13 09:52:49.248045,2022-09-13 09:52:49.248045,,2110,107,6123445,IS0015730M,107B-DE-820-40,YP04,1,2022-09-05,2022-09-22,None,2022-09-20,10.0,LANC ARTM IMPR CCRP ERCT MMEf RIMP,A210702037,,765.12,22.0,prod,0.0,1,2022-09-20,,,2022-09-21 22:00:00,False,not_freezed,1071NaT
39,,21315,2022-09-13 09:52:49.237995,2022-09-13 09:52:49.237995,Marwa,Marwa,False,,2022-09-13 09:52:49.248045,2022-09-13 09:52:49.248045,,2110,107,981235807,IS0015730M,107B-DE-820-40,KD,1,2022-09-21,2022-10-07,X,2022-10-13,15.0,None,A210702038,,765.12,22.0,prod,0.0,1,2022-10-13,,,2022-10-03 22:00:00,False,not_freezed,1071NaT
40,,21316,2022-09-13 09:52:49.237995,2022-09-13 09:52:49.237995,Marwa,Marwa,False,,2022-09-13 09:52:49.248045,2022-09-13 09:52:49.248045,,2110,107,981235808,IS0015730M,107B-DE-820-40,KD,1,2022-10-03,2022-10-19,X,2022-10-25,15.0,None,A210702039,,765.12,22.0,prod,0.0,1,2022-10-25,,,2022-10-13 22:00:00,False,not_freezed,1071NaT
41,,21317,2022-09-13 09:52:49.237995,2022-09-13 09:52:49.237995,Marwa,Marwa,False,,2022-09-13 09:52:49.248045,2022-09-13 09:52:49.248045,,2110,107,981235809,IS0015730M,107B-DE-820-40,KD,1,2022-10-13,2022-10-31,X,2022-11-07,15.0,None,A210702040,,765.12,22.0,prod,0.0,1,2022-11-07,,,2022-10-25 22:00:00,False,not_freezed,1071NaT
42,,21318,2022-09-13 09:52:49.237995,2022-09-13 09:52:49.237995,Marwa,Marwa,False,,2022-09-13 09:52:49.248045,2022-09-13 09:52:49.248045,,2110,107,981235810,IS0015730M,107B-DE-820-40,KD,1,2022-10-25,2022-11-10,X,2022-11-17,15.0,None,A210702042,,765.12,22.0,prod,0.0,1,2022-11-17,,,2022-11-04 22:00:00,False,not_freezed,1071NaT
43,,21319,2022-09-13 09:52:49.237995,2022-09-13 09:52:49.237995,Marwa,Marwa,False,,2022-09-13 09:52:49.248045,2022-09-13 09:52:49.248045,,2110,107,981235938,IS0015667M,107A-DE-820-40,KD,1,2022-11-04,2022-11-22,X,2022-11-28,15.0,None,A110702043,,765.12,22.0,prod,1.0,1,2022-11-28,,,2022-11-16 22:00:00,False,not_freezed,1071NaT
44,,21320,2022-09-13 09:52:49.237995,2022-09-13 09:52:49.237995,Marwa,Marwa,False,,2022-09-13 09:52:49.248045,2022-09-13 09:52:49.248045,,2110,107,980941382,IS0015730M,107B-DE-820-40,KD,1,2022-11-16,2022-12-02,X,2022-12-07,15.0,None,A210702044,,765.12,22.0,prod,0.0,1,2022-12-07,,,2022-11-28 22:00:00,False,not_freezed,1071NaT
45,,21321,2022-09-13 09:52:49.237995,2022-09-13 09:52:49.237995,Marwa,Marwa,False,,2022-09-13 09:52:49.248045,2022-09-13 09:52:49.248045,,2110,107,981136436,IS0015730M,107B-DE-820-40,KD,1,2022-11-28,2022-12-14,X,2022-12-20,15.0,None,A210702045,,765.12,22.0,prod,0.0,1,2022-12-20,,,2022-12-08 22:00:00,False,not_freezed,1071NaT
46,,21322,2022-09-13 09:52:49.237995,2022-09-13 09:52:49.237995,Marwa,Marwa,False,,2022-09-13 09:52:49.248045,2022-09-13 09:52:49.248045,,2110,107,980941383,IS0015730M,107B-DE-820-40,KD,1,2022-12-08,2023-01-02,X,2023-01-05,15.0,None,A210702046,,765.12,22.0,prod,0.0,1,2023-01-05,,,2022-12-20 22:00:00,False,not_freezed,1071NaT
47,,21323,2022-09-13 09:52:49.237995,2022-09-13 09:52:49.237995,Marwa,Marwa,False,,2022-09-13 09:52:49.248045,2022-09-13 09:52:49.248045,,2110,107,980839367,IS0015730M,107B-DE-820-40,KD,1,2022-12-20,2023-01-12,X,2023-01-18,15.0,None,A210702047,,765.12,22.0,prod,0.0,1,2023-01-18,,,2023-01-06 22:00:00,False,not_freezed,1071NaT
48,,21324,2022-09-13 09:52:49.237995,2022-09-13 09:52:49.237995,Marwa,Marwa,False,,2022-09-13 09:52:49.248045,2022-09-13 09:52:49.248045,,2110,107,980839368,IS0015730M,107B-DE-820-40,KD,1,2023-01-06,2023-01-24,X,2023-01-27,15.0,None,A210702048,,765.12,22.0,prod,0.0,1,2023-01-27,,,2023-01-18 22:00:00,False,not_freezed,1071NaT
49,,21325,2022-09-13 09:52:49.237995,2022-09-13 09:52:49.237995,Marwa,Marwa,False,,2022-09-13 09:52:49.248045,2022-09-13 09:52:49.248045,,2110,107,980839369,IS0015730M,107B-DE-820-40,KD,1,2023-01-18,2023-02-03,X,2023-02-07,15.0,None,A210702049,,765.12,22.0,prod,0.0,1,2023-02-07,,,2023-01-30 22:00:00,False,not_freezed,1071NaT
50,,21326,2022-09-13 09:52:49.237995,2022-09-13 09:52:49.237995,Marwa,Marwa,False,,2022-09-13 09:52:49.248045,2022-09-13 09:52:49.248045,,2110,107,980839370,IS0015730M,107B-DE-820-40,KD,1,2023-01-30,2023-02-15,X,2023-02-16,15.0,None,A210702050,,765.12,22.0,prod,0.0,1,2023-02-16,,,2023-02-09 22:00:00,False,not_freezed,1071NaT
51,,21327,2022-09-13 09:52:49.237995,2022-09-13 09:52:49.237995,Marwa,Marwa,False,,2022-09-13 09:52:49.248045,2022-09-13 09:52:49.248045,,2110,107,980839371,IS0015730M,107B-DE-820-40,KD,1,2023-02-09,2023-02-27,X,2023-02-28,15.0,None,A210702051,,765.12,22.0,prod,0.0,1,2023-02-28,,,2023-02-21 22:00:00,False,not_freezed,1071NaT
52,,21328,2022-09-13 09:52:49.237995,2022-09-13 09:52:49.237995,Marwa,Marwa,False,,2022-09-13 09:52:49.248045,2022-09-13 09:52:49.248045,,2110,107,980839372,IS0015730M,107B-DE-820-40,KD,1,2023-02-21,2023-03-09,X,2023-03-13,15.0,None,A210702052,,765.12,22.0,prod,0.0,1,2023-03-13,,,2023-03-03 22:00:00,False,not_freezed,1071NaT
53,,21329,2022-09-13 09:52:49.237995,2022-09-13 09:52:49.237995,Marwa,Marwa,False,,2022-09-13 09:52:49.248045,2022-09-13 09:52:49.248045,,2110,107,980839373,IS0015730M,107B-DE-820-40,KD,1,2023-03-03,2023-03-22,X,2023-03-24,15.0,None,A210702053,,765.12,22.0,prod,0.0,1,2023-03-24,,,2023-03-15 22:00:00,False,not_freezed,1071NaT
54,,21330,2022-09-13 09:52:49.237995,2022-09-13 09:52:49.237995,Marwa,Marwa,False,,2022-09-13 09:52:49.248045,2022-09-13 09:52:49.248045,,2110,107,980839374,IS0015730M,107B-DE-820-40,KD,1,2023-03-15,2023-04-03,X,,,None,A210702054,,765.12,22.0,prod,0.0,1,2023-04-03,,,2023-03-28 22:00:00,False,not_freezed,1071NaT
55,,21331,2022-09-13 09:52:49.237995,2022-09-13 09:52:49.237995,Marwa,Marwa,False,,2022-09-13 09:52:49.248045,2022-09-13 09:52:49.248045,,2110,107,980839375,IS0015730M,107B-DE-820-40,KD,1,2023-03-28,2023-04-13,X,2023-04-14,15.0,None,A210702055,,765.12,22.0,prod,0.0,1,2023-04-14,,,1900-01-01,False,not_freezed,1071NaT
56,,21332,2022-09-13 09:52:49.237995,2022-09-13 09:52:49.237995,Marwa,Marwa,False,,2022-09-13 09:52:49.248045,2022-09-13 09:52:49.248045,,2110,107,980941384,IS0015730M,107B-DE-820-40,KD,1,2023-04-04,2023-04-24,None,,,None,A210702056,,765.12,22.0,prod,0.0,1,2023-04-24,,,1900-01-01,False,not_freezed,1071NaT
57,,21333,2022-09-13 09:52:49.237995,2022-09-13 09:52:49.237995,Marwa,Marwa,False,,2022-09-13 09:52:49.248045,2022-09-13 09:52:49.248045,,2110,107,980941385,IS0015730M,107B-DE-820-40,KD,1,2023-04-13,2023-05-04,None,,,None,A210702057,,765.12,22.0,prod,0.0,1,2023-05-04,,,1900-01-01,False,not_freezed,1071NaT
58,,21334,2022-09-13 09:52:49.237995,2022-09-13 09:52:49.237995,Marwa,Marwa,False,,2022-09-13 09:52:49.248045,2022-09-13 09:52:49.248045,,2110,107,980839378,IS0015730M,107B-DE-820-40,KD,1,2023-05-19,2023-06-06,None,,,None,A210702058,,765.12,22.0,prod,0.0,1,2023-06-06,,,1900-01-01,False,not_freezed,1071NaT
59,,21335,2022-09-13 09:52:49.237995,2022-09-13 09:52:49.237995,Marwa,Marwa,False,,2022-09-13 09:52:49.248045,2022-09-13 09:52:49.248045,,2110,107,982024907,IS0015730M,107B-DE-820-40,KD,1,2023-05-24,2023-06-09,None,,,None,A210702059,,765.12,22.0,prod,0.0,1,2023-06-09,,,1900-01-01,False,not_freezed,1071NaT
60,,21336,2022-09-13 09:52:49.237995,2022-09-13 09:52:49.237995,Marwa,Marwa,False,,2022-09-13 09:52:49.248045,2022-09-13 09:52:49.248045,,2110,107,981575174,IS0015667M,107A-DE-820-40,KD,1,2023-06-01,2023-06-19,None,,,None,A110702060,,765.12,22.0,prod,1.0,1,2023-06-19,,,1900-01-01,False,not_freezed,1071NaT
61,,21337,2022-09-13 09:52:49.237995,2022-09-13 09:52:49.237995,Marwa,Marwa,False,,2022-09-13 09:52:49.248045,2022-09-13 09:52:49.248045,,2110,107,981136437,IS0015730M,107B-DE-820-40,KD,1,2023-06-09,2023-06-27,None,,,None,A210702061,,765.12,22.0,prod,0.0,1,2023-06-27,,,1900-01-01,False,not_freezed,1071NaT
62,,21338,2022-09-13 09:52:49.237995,2022-09-13 09:52:49.237995,Marwa,Marwa,False,,2022-09-13 09:52:49.248045,2022-09-13 09:52:49.248045,,2110,107,981265080,IS0015730M,107B-DE-820-40,KD,1,2023-06-19,2023-07-10,None,,,None,A210702062,,765.12,22.0,prod,0.0,1,2023-07-10,,,1900-01-01,False,not_freezed,1071NaT
63,,21339,2022-09-13 09:52:49.237995,2022-09-13 09:52:49.237995,Marwa,Marwa,False,,2022-09-13 09:52:49.248045,2022-09-13 09:52:49.248045,,2110,107,981298339,IS0015730M,107B-DE-820-40,KD,1,2023-07-03,2023-07-20,None,,,None,A210702063,,765.12,22.0,prod,0.0,1,2023-07-20,,,1900-01-01,False,not_freezed,1071NaT
64,,21340,2022-09-13 09:52:49.237995,2022-09-13 09:52:49.237995,Marwa,Marwa,False,,2022-09-13 09:52:49.248045,2022-09-13 09:52:49.248045,,2110,107,981498429,IS0015730M,107B-DE-820-40,KD,1,2023-07-12,2023-08-21,None,,,None,A210702064,,765.12,22.0,prod,0.0,1,2023-08-21,,,1900-01-01,False,not_freezed,1071NaT
65,,21341,2022-09-13 09:52:49.237995,2022-09-13 09:52:49.237995,Marwa,Marwa,False,,2022-09-13 09:52:49.248045,2022-09-13 09:52:49.248045,,2110,107,981664638,IS0015730M,107B-DE-820-40,KD,1,2023-08-15,2023-08-31,None,,,None,A210702065,,765.12,22.0,prod,0.0,1,2023-08-31,,,1900-01-01,False,not_freezed,1071NaT
66,,21342,2022-09-13 09:52:49.237995,2022-09-13 09:52:49.237995,Marwa,Marwa,False,,2022-09-13 09:52:49.248045,2022-09-13 09:52:49.248045,,2110,107,981879895,IS0015730M,107B-DE-820-40,KD,1,2023-08-25,2023-09-12,None,,,None,A210702066,,765.12,22.0,prod,0.0,1,2023-09-12,,,1900-01-01,False,not_freezed,1071NaT
67,,21343,2022-09-13 09:52:49.237995,2022-09-13 09:52:49.237995,Marwa,Marwa,False,,2022-09-13 09:52:49.248045,2022-09-13 09:52:49.248045,,2110,107,982024908,IS0015730M,107B-DE-820-40,KD,1,2023-09-05,2023-09-21,None,,,None,A210702067,,765.12,22.0,prod,0.0,1,2023-09-21,,,1900-01-01,False,not_freezed,1071NaT
68,,21344,2022-09-13 09:52:49.237995,2022-09-13 09:52:49.237995,Marwa,Marwa,False,,2022-09-13 09:52:49.248045,2022-09-13 09:52:49.248045,,2110,107,982115213,IS0015667M,107A-DE-820-40,KD,1,2023-09-08,2023-09-26,None,,,None,A110702068,,765.12,22.0,prod,1.0,1,2023-09-26,,,1900-01-01,False,not_freezed,1071NaT
69,,21345,2022-09-13 09:52:49.237995,2022-09-13 09:52:49.237995,Marwa,Marwa,False,,2022-09-13 09:52:49.248045,2022-09-13 09:52:49.248045,,2110,107,982358127,IS0015730M,107B-DE-820-40,KD,1,2023-09-11,2023-09-28,None,,,None,A210702068,,765.12,22.0,prod,0.0,1,2023-09-28,,,1900-01-01,False,not_freezed,1071NaT
70,,21346,2022-09-13 09:52:49.237995,2022-09-13 09:52:49.237995,Marwa,Marwa,False,,2022-09-13 09:52:49.248045,2022-09-13 09:52:49.248045,,2110,107,982152119,IS0015730M,107B-DE-820-40,KD,1,2023-09-19,2023-10-06,None,,,None,A210702069,,765.12,22.0,prod,0.0,1,2023-10-06,,,1900-01-01,False,not_freezed,1071NaT
71,,21347,2022-09-13 09:52:49.237995,2022-09-13 09:52:49.237995,Marwa,Marwa,False,,2022-09-13 09:52:49.248045,2022-09-13 09:52:49.248045,,2110,107,982170597,IS0015730M,107B-DE-820-40,KD,1,2023-09-28,2023-10-16,None,,,None,A210702070,,765.12,22.0,prod,0.0,1,2023-10-16,,,1900-01-01,False,not_freezed,1071NaT
72,,21348,2022-09-13 09:52:49.237995,2022-09-13 09:52:49.237995,Marwa,Marwa,False,,2022-09-13 09:52:49.248045,2022-09-13 09:52:49.248045,,2110,107,982358128,IS0015730M,107B-DE-820-40,KD,1,2023-10-11,2023-10-27,None,,,None,A210702071,,765.12,22.0,prod,0.0,1,2023-10-27,,,1900-01-01,False,not_freezed,1071NaT
73,,21349,2022-09-13 09:52:49.237995,2022-09-13 09:52:49.237995,Marwa,Marwa,False,,2022-09-13 09:52:49.248045,2022-09-13 09:52:49.248045,,2110,107,982402564,IS0015667M,107A-DE-820-40,KD,1,2023-10-19,2023-11-06,None,,,None,A110702072,,765.12,22.0,prod,1.0,1,2023-11-06,,,1900-01-01,False,not_freezed,1071NaT
74,,21350,2022-09-13 09:52:49.237995,2022-09-13 09:52:49.237995,Marwa,Marwa,False,,2022-09-13 09:52:49.248045,2022-09-13 09:52:49.248045,,2110,107,982407318,IS0015730M,107B-DE-820-40,KD,1,2023-10-30,2023-11-15,None,,,None,A210702073,,765.12,22.0,prod,0.0,1,2023-11-15,,,1900-01-01,False,not_freezed,1071NaT
75,,21351,2022-09-13 09:52:49.237995,2022-09-13 09:52:49.237995,Marwa,Marwa,False,,2022-09-13 09:52:49.248045,2022-09-13 09:52:49.248045,,2110,107,982420403,IS0015730M,107B-DE-820-40,KD,1,2023-11-07,2023-11-23,None,,,None,A210702074,,765.12,22.0,prod,0.0,1,2023-11-23,,,1900-01-01,False,not_freezed,1071NaT
76,,21352,2022-09-13 09:52:49.237995,2022-09-13 09:52:49.237995,Marwa,Marwa,False,,2022-09-13 09:52:49.248045,2022-09-13 09:52:49.248045,,2110,107,982471534,IS0015730M,107B-DE-820-40,KD,1,2023-11-15,2023-12-01,None,,,None,A210702075,,765.12,22.0,prod,0.0,1,2023-12-01,,,1900-01-01,False,not_freezed,1071NaT
77,,21353,2022-09-13 09:52:49.237995,2022-09-13 09:52:49.237995,Marwa,Marwa,False,,2022-09-13 09:52:49.248045,2022-09-13 09:52:49.248045,,2110,107,3689549,IS0028108M,107A-800VU-COA-40,YP04,1,2021-02-04,2021-02-10,None,,,TCLO IMPR CONF LIVR CCRP ERCT ARCO MMEf*,A110702008,2021-02-15,20.71,4.0,prod,0.0,2,2021-02-10,,,,True,not_freezed,1072NaT
78,,21354,2022-09-13 09:52:49.237995,2022-09-13 09:52:49.237995,Marwa,Marwa,False,,2022-09-13 09:52:49.248045,2022-09-13 09:52:49.248045,,2110,107,3697583,IS0028165M,107B-800VU-COA-40,YP04,1,2021-02-12,2021-02-18,None,,,TCLO IMPR CONF LIVR CCRP ERCT ARCO MMEf*,A210702001,2021-03-03,20.71,4.0,prod,0.0,2,2021-02-18,,,,True,not_freezed,1072NaT
79,,21355,2022-09-13 09:52:49.237995,2022-09-13 09:52:49.237995,Marwa,Marwa,False,,2022-09-13 09:52:49.248045,2022-09-13 09:52:49.248045,,2110,107,3701570,IS0028165M,107B-800VU-COA-40,YP04,1,2021-03-15,2021-03-22,None,,,TCLO IPRP CONF LIVR CCRP ERCT ARCO MMEf*,A210701970,2021-03-10,20.71,4.0,prod,0.0,2,2021-03-22,,,,True,not_freezed,1072NaT
80,,21356,2022-09-13 09:52:49.237995,2022-09-13 09:52:49.237995,Marwa,Marwa,False,,2022-09-13 09:52:49.248045,2022-09-13 09:52:49.248045,,2110,107,3713842,IS0028165M,107B-800VU-COA-40,YP04,1,2021-03-23,2021-03-30,None,,,TCLO IPRP CONF LIVR CCRP ERCT ARCO MMEf*,A210702003,2021-03-29,20.71,4.0,prod,0.0,2,2021-03-30,,,,True,not_freezed,1072NaT
81,,21357,2022-09-13 09:52:49.237995,2022-09-13 09:52:49.237995,Marwa,Marwa,False,,2022-09-13 09:52:49.248045,2022-09-13 09:52:49.248045,,2110,107,3713841,IS0028108M,107A-800VU-COA-40,YP04,1,2021-04-07,2021-04-14,None,,,TCLO IPRP CONF LIVR CCRP ERCT ARCO MMEf*,A110702011,2021-04-19,20.71,4.0,prod,0.0,2,2021-04-14,,,,True,not_freezed,1072NaT
82,,21358,2022-09-13 09:52:49.237995,2022-09-13 09:52:49.237995,Marwa,Marwa,False,,2022-09-13 09:52:49.248045,2022-09-13 09:52:49.248045,,2110,107,3714427,IS0028165M,107B-800VU-COA-40,YP04,1,2021-04-09,2021-04-20,None,,,TCLO IPRP CONF LIVR CCRP ERCT ARCO MMEf*,A210702002,2021-04-12,20.71,4.0,prod,0.0,2,2021-04-20,,,,True,not_freezed,1072NaT
83,,21359,2022-09-13 09:52:49.237995,2022-09-13 09:52:49.237995,Marwa,Marwa,False,,2022-09-13 09:52:49.248045,2022-09-13 09:52:49.248045,,2110,107,3746962,IS0028165M,107B-800VU-COA-40,YP04,1,2021-05-06,2021-05-18,None,,,TCLO IMPR CONF LIVR CCRP ARCO MMEf RIMP,A210701995,2021-04-29,20.71,4.0,prod,0.0,2,2021-05-18,,,,True,not_freezed,1072NaT
84,,21360,2022-09-13 09:52:49.237995,2022-09-13 09:52:49.237995,Marwa,Marwa,False,,2022-09-13 09:52:49.248045,2022-09-13 09:52:49.248045,,2110,107,3737360,IS0028165M,107B-800VU-COA-40,YP04,1,2021-04-12,2021-05-25,None,,,TCLO IPRP CONF LIVR CCRP ERCT ARCO MMEf*,A210702004,2021-05-17,20.71,4.0,prod,0.0,2,2021-05-25,,,,True,not_freezed,1072NaT
85,,21361,2022-09-13 09:52:49.237995,2022-09-13 09:52:49.237995,Marwa,Marwa,False,,2022-09-13 09:52:49.248045,2022-09-13 09:52:49.248045,,2110,107,3737361,IS0028165M,107B-800VU-COA-40,YP04,1,2021-04-26,2021-06-08,None,,,TCLO IPRP CONF LIVR CCRP ERCT ARCO MMEf*,A210702006,2021-05-24,20.71,4.0,prod,0.0,2,2021-06-08,,,,True,not_freezed,1072NaT
86,,21362,2022-09-13 09:52:49.237995,2022-09-13 09:52:49.237995,Marwa,Marwa,False,,2022-09-13 09:52:49.248045,2022-09-13 09:52:49.248045,,2110,107,3766142,IS0028108M,107A-800VU-COA-40,YP04,1,2021-06-08,2021-06-15,None,,,TCLO IMPR CONF LIVR CCRP ERCT ARCO MMEf*,A110702007,2021-06-07,20.71,4.0,prod,0.0,2,2021-06-15,,,,True,not_freezed,1072NaT
87,,21363,2022-09-13 09:52:49.237995,2022-09-13 09:52:49.237995,Marwa,Marwa,False,,2022-09-13 09:52:49.248045,2022-09-13 09:52:49.248045,,2110,107,3766143,IS0028165M,107B-800VU-COA-40,YP04,1,2021-06-21,2021-06-25,None,,,TCLO IMPR CONF LIVR CCRP ERCT ARCO MMEf*,A210702000,2021-06-30,20.71,4.0,prod,0.0,2,2021-06-25,,,,True,not_freezed,1072NaT
88,,21364,2022-09-13 09:52:49.237995,2022-09-13 09:52:49.237995,Marwa,Marwa,False,,2022-09-13 09:52:49.248045,2022-09-13 09:52:49.248045,,2110,107,3772548,IS0028165M,107B-800VU-COA-40,YP04,1,2021-07-01,2021-07-08,None,,,TCLO IPRP CONF LIVR CCRP ERCT ARCO MMEf*,A210701999,2021-07-14,20.71,4.0,prod,0.0,2,2021-07-08,,,,True,not_freezed,1072NaT
89,,21365,2022-09-13 09:52:49.237995,2022-09-13 09:52:49.237995,Marwa,Marwa,False,,2022-09-13 09:52:49.248045,2022-09-13 09:52:49.248045,,2110,107,3772547,IS0028108M,107A-800VU-COA-40,YP04,1,2021-08-17,2021-08-22,None,,,TCLO IPRP CONF LIVR CCRP ERCT ARCO MMEf*,A110702012,2021-10-11,20.71,4.0,prod,0.0,2,2021-08-22,,,,True,not_freezed,1072NaT
90,,21366,2022-09-13 09:52:49.237995,2022-09-13 09:52:49.237995,Marwa,Marwa,False,,2022-09-13 09:52:49.248045,2022-09-13 09:52:49.248045,,2110,107,3801687,IS0028165M,107B-800VU-COA-40,YP04,1,2021-09-13,2021-09-17,None,,,TCLO IMPR CONF LIVR CCRP ERCT ARCO MMEf*,A210702010,2021-09-02,20.71,4.0,prod,0.0,2,2021-09-17,,,,True,not_freezed,1072NaT
91,,21367,2022-09-13 09:52:49.237995,2022-09-13 09:52:49.237995,Marwa,Marwa,False,,2022-09-13 09:52:49.248045,2022-09-13 09:52:49.248045,,2110,107,3806023,IS0028165M,107B-800VU-COA-40,YP04,1,2021-09-14,2021-09-22,None,,,TCLO IPRP CONF LIVR CCRP ERCT ARCO MMEf*,A210702009,2021-09-13,20.71,4.0,prod,0.0,2,2021-09-22,,,,True,not_freezed,1072NaT
92,,21368,2022-09-13 09:52:49.237995,2022-09-13 09:52:49.237995,Marwa,Marwa,False,,2022-09-13 09:52:49.248045,2022-09-13 09:52:49.248045,,2110,107,3823658,IS0028165M,107B-800VU-COA-40,YP04,1,2021-10-09,2021-10-13,None,,,TCLO IPRP CONF LIVR CCRP ERCT ARCO MMEf*,A210702013,2021-09-27,20.71,4.0,prod,0.0,2,2021-10-13,,,,True,not_freezed,1072NaT
93,,21369,2022-09-13 09:52:49.237995,2022-09-13 09:52:49.237995,Marwa,Marwa,False,,2022-09-13 09:52:49.248045,2022-09-13 09:52:49.248045,,2110,107,3826592,IS0028165M,107B-800VU-COA-40,YP04,1,2021-10-13,2021-10-13,None,,,TCLO IMPR CONF LIVR CCRP ERCT ARCO MMEf*,A210702014,2021-10-15,20.71,4.0,prod,0.0,2,2021-10-13,,,,True,not_freezed,1072NaT
94,,21370,2022-09-13 09:52:49.237995,2022-09-13 09:52:49.237995,Marwa,Marwa,False,,2022-09-13 09:52:49.248045,2022-09-13 09:52:49.248045,,2110,107,3843317,IS0028108M,107A-800VU-COA-40,YP04,1,2021-11-03,2021-11-08,None,,,TCLO IPRP CONF LIVR CCRP ERCT ARCO MMEf*,A110702015,2021-11-08,20.71,4.0,prod,0.0,2,2021-11-08,,,,True,not_freezed,1072NaT
95,,21371,2022-09-13 09:52:49.237995,2022-09-13 09:52:49.237995,Marwa,Marwa,False,,2022-09-13 09:52:49.248045,2022-09-13 09:52:49.248045,,2110,107,3851893,IS0028165M,107B-800VU-COA-40,YP04,1,2021-11-11,2021-11-29,None,,,TCLO IPRP CONF LIVR CCRP ERCT ARCO MMEf*,A210702016,2021-11-25,20.71,4.0,prod,0.0,2,2021-11-29,,,,True,not_freezed,1072NaT
96,,21372,2022-09-13 09:52:49.237995,2022-09-13 09:52:49.237995,Marwa,Marwa,False,,2022-09-13 09:52:49.248045,2022-09-13 09:52:49.248045,,2110,107,3858770,IS0028165M,107B-800VU-COA-40,YP04,1,2021-11-18,2021-12-27,None,,,TCLO IPRP CONF LIVR CCRP ERCT ARCO MMEf*,A210702017,2021-12-14,20.71,4.0,prod,0.0,2,2021-12-27,,,,True,not_freezed,1072NaT
97,,21373,2022-09-13 09:52:49.237995,2022-09-13 09:52:49.237995,Marwa,Marwa,False,,2022-09-13 09:52:49.248045,2022-09-13 09:52:49.248045,,2110,107,3869829,IS0028165M,107B-800VU-COA-40,YP04,1,2021-12-24,2022-01-07,None,,,TCLO IPRP CONF LIVR CCRP ERCT ARCO MMEf*,A210702018,2022-01-11,20.71,4.0,prod,0.0,2,2022-01-07,,,,True,not_freezed,1072NaT
98,,21374,2022-09-13 09:52:49.237995,2022-09-13 09:52:49.237995,Marwa,Marwa,False,,2022-09-13 09:52:49.248045,2022-09-13 09:52:49.248045,,2110,107,3879386,IS0028165M,107B-800VU-COA-40,YP04,1,2022-01-13,2022-01-28,None,,,TCLO IPRP CONF LIVR CCRP ERCT ARCO MMEf*,A210702019,2022-01-28,20.71,4.0,prod,0.0,2,2022-01-28,,,,True,not_freezed,1072NaT
99,,21375,2022-09-13 09:52:49.237995,2022-09-13 09:52:49.237995,Marwa,Marwa,False,,2022-09-13 09:52:49.248045,2022-09-13 09:52:49.248045,,2110,107,3892575,IS0028165M,107B-800VU-COA-40,YP04,1,2022-01-26,2022-02-09,None,,,TCLO ARTM IPRP CONF LIVR CCRP ERCT MMEf*,A210702020,2022-02-09,20.71,4.0,prod,0.0,2,2022-02-09,,,,True,not_freezed,1072NaT
100,,21376,2022-09-13 09:52:49.237995,2022-09-13 09:52:49.237995,Marwa,Marwa,False,,2022-09-13 09:52:49.248045,2022-09-13 09:52:49.248045,,2110,107,3902345,IS0028165M,107B-800VU-COA-40,YP04,1,2022-02-08,2022-02-25,None,,,TCLO ARTM IPRP CONF LIVR CCRP ERCT MMEf*,A210702021,2022-02-25,20.71,4.0,prod,0.0,2,2022-02-25,,,,True,not_freezed,1072NaT
101,,21377,2022-09-13 09:52:49.237995,2022-09-13 09:52:49.237995,Marwa,Marwa,False,,2022-09-13 09:52:49.248045,2022-09-13 09:52:49.248045,,2110,107,6008316,IS0028108M,107A-800VU-COA-40,YP04,1,2022-03-04,2022-03-09,None,,,TCLO IPRP CONF LIVR CCRP ERCT ARCO MMEf*,A110702022,2022-03-10,20.71,4.0,prod,0.0,2,2022-03-09,,,,True,not_freezed,1072NaT
102,,21378,2022-09-13 09:52:49.237995,2022-09-13 09:52:49.237995,Marwa,Marwa,False,,2022-09-13 09:52:49.248045,2022-09-13 09:52:49.248045,,2110,107,6013025,IS0028108M,107A-800VU-COA-40,YP04,1,2022-03-11,2022-03-28,None,,,TCLO IMPR CONF LIVR CCRP ERCT ARCO MMEf*,A110702023,2022-03-22,20.71,4.0,prod,0.0,2,2022-03-28,,,,True,not_freezed,1072NaT
103,,21379,2022-09-13 09:52:49.237995,2022-09-13 09:52:49.237995,Marwa,Marwa,False,,2022-09-13 09:52:49.248045,2022-09-13 09:52:49.248045,,2110,107,6023495,IS0028165M,107B-800VU-COA-40,YP04,1,2022-04-12,2022-04-19,None,,,TCLO IPRP CONF LIVR CCRP ERCT ARCO MMEf*,A210702024,2022-04-14,20.71,4.0,prod,0.0,2,2022-04-19,,,,True,not_freezed,1072NaT
104,,21380,2022-09-13 09:52:49.237995,2022-09-13 09:52:49.237995,Marwa,Marwa,False,,2022-09-13 09:52:49.248045,2022-09-13 09:52:49.248045,,2110,107,6024172,IS0028165M,107B-800VU-COA-40,YP04,1,2022-05-06,2022-05-06,None,,,TCLO IMPR CONF LIVR CCRP ERCT ARCO MMEf*,A210702025,2022-04-28,20.71,4.0,prod,0.0,2,2022-05-06,,,,True,not_freezed,1072NaT
105,,21381,2022-09-13 09:52:49.237995,2022-09-13 09:52:49.237995,Marwa,Marwa,False,,2022-09-13 09:52:49.248045,2022-09-13 09:52:49.248045,,2110,107,6029658,IS0028165M,107B-800VU-COA-40,YP04,1,2022-05-16,2022-05-17,None,,,TCLO IPRP CONF LIVR CCRP ERCT ARCO MMEf*,A210702026,2022-05-17,20.71,4.0,prod,0.0,2,2022-05-17,,,,True,not_freezed,1072NaT
106,,21382,2022-09-13 09:52:49.237995,2022-09-13 09:52:49.237995,Marwa,Marwa,False,,2022-09-13 09:52:49.248045,2022-09-13 09:52:49.248045,,2110,107,6051626,IS0028165M,107B-800VU-COA-40,YP04,1,2022-05-23,2022-05-30,None,,,TCLO IPRP CONF LIVR CCRP ERCT ARCO MMEf*,A210702028,2022-05-31,20.71,4.0,prod,0.0,2,2022-05-30,,,,True,not_freezed,1072NaT
107,,21383,2022-09-13 09:52:49.237995,2022-09-13 09:52:49.237995,Marwa,Marwa,False,,2022-09-13 09:52:49.248045,2022-09-13 09:52:49.248045,,2110,107,6065478,IS0028108M,107A-800VU-COA-40,YP04,1,2022-06-02,2022-06-13,None,,,TCLO IMPR CONF LIVR CCRP ERCT ARCO MMEf*,A110702030,2022-06-10,20.71,4.0,prod,0.0,2,2022-06-13,,,,True,not_freezed,1072NaT
108,,21384,2022-09-13 09:52:49.237995,2022-09-13 09:52:49.237995,Marwa,Marwa,False,,2022-09-13 09:52:49.248045,2022-09-13 09:52:49.248045,,2110,107,6071708,IS0028165M,107B-800VU-COA-40,YP04,1,2022-06-14,2022-06-22,None,,,TCLO IPRP CONF LIVR CCRP ERCT ARCO MMEf*,A210702029,2022-06-23,20.71,4.0,prod,0.0,2,2022-06-22,,,,True,not_freezed,1072NaT
109,,21385,2022-09-13 09:52:49.237995,2022-09-13 09:52:49.237995,Marwa,Marwa,False,,2022-09-13 09:52:49.248045,2022-09-13 09:52:49.248045,,2110,107,6080753,IS0028165M,107B-800VU-COA-40,YP04,1,2022-06-24,2022-07-06,None,,,TCLO ARTM IPRP CONF LIVR CCRP ERCT MMEf*,A210702031,2022-07-01,20.71,4.0,prod,0.0,2,2022-07-06,,,,True,not_freezed,1072NaT
110,,21386,2022-09-13 09:52:49.237995,2022-09-13 09:52:49.237995,Marwa,Marwa,False,,2022-09-13 09:52:49.248045,2022-09-13 09:52:49.248045,,2110,107,6084054,IS0028165M,107B-800VU-COA-40,YP04,1,2022-07-06,2022-07-18,None,,,TCLO ARTM IMPR CONF LIVR CCRP ERCT MMEf*,A210702032,2022-07-14,20.71,4.0,prod,0.0,2,2022-07-18,,,,True,not_freezed,1072NaT
111,,21387,2022-09-13 09:52:49.237995,2022-09-13 09:52:49.237995,Marwa,Marwa,False,,2022-09-13 09:52:49.248045,2022-09-13 09:52:49.248045,,2110,107,6098323,IS0028165M,107B-800VU-COA-40,YP04,1,2022-08-09,2022-08-10,None,,,TCLO IMPR CONF LIVR CCRP ERCT ARCO MMEf*,A210702033,2022-08-09,20.71,4.0,prod,0.0,2,2022-08-10,,,,True,not_freezed,1072NaT
112,,21388,2022-09-13 09:52:49.237995,2022-09-13 09:52:49.237995,Marwa,Marwa,False,,2022-09-13 09:52:49.248045,2022-09-13 09:52:49.248045,,2110,107,6098324,IS0028165M,107B-800VU-COA-40,YP04,1,2022-08-15,2022-08-30,None,,,TCLO ARTM IMPR CONF LIVR CCRP ERCT MMEf*,A210702034,2022-08-22,20.71,4.0,prod,0.0,2,2022-08-30,,,,True,not_freezed,1072NaT
113,,21389,2022-09-13 09:52:49.237995,2022-09-13 09:52:49.237995,Marwa,Marwa,False,,2022-09-13 09:52:49.248045,2022-09-13 09:52:49.248045,,2110,107,6103120,IS0028165M,107B-800VU-COA-40,YP04,1,2022-08-09,2022-09-05,None,,,LANC IMPR CNFP LIVR CCRP ERCT ARCO MMEf*,A210702035,2022-09-02,20.71,4.0,prod,0.0,2,2022-09-05,,,,True,not_freezed,1072NaT
114,,21390,2022-09-13 09:52:49.237995,2022-09-13 09:52:49.237995,Marwa,Marwa,False,,2022-09-13 09:52:49.248045,2022-09-13 09:52:49.248045,,2110,107,6123521,IS0028108M,107A-800VU-COA-40,YP04,1,2022-09-05,2022-09-12,None,2022-09-07,10.0,LANC ARTM IMPR CCRP ERCT MMEf RIMP,A110702036,,20.71,4.0,prod,0.0,2,2022-09-07,2022-09-12 06:00:00,,2022-09-12 06:00:00,False,Freezed,10722022-09-12 06:00:00
115,,21391,2022-09-13 09:52:49.237995,2022-09-13 09:52:49.237995,Marwa,Marwa,False,,2022-09-13 09:52:49.248045,2022-09-13 09:52:49.248045,,2110,107,981235919,IS0028165M,107B-800VU-COA-40,KD,1,2022-09-20,2022-09-27,X,2022-09-20,10.0,None,A210702037,,20.71,4.0,prod,0.0,2,2022-09-20,,,2022-09-21 22:00:00,False,not_freezed,1072NaT
116,,21392,2022-09-13 09:52:49.237995,2022-09-13 09:52:49.237995,Marwa,Marwa,False,,2022-09-13 09:52:49.248045,2022-09-13 09:52:49.248045,,2110,107,981235920,IS0028165M,107B-800VU-COA-40,KD,1,2022-09-30,2022-10-07,X,2022-10-13,15.0,None,A210702038,,20.71,4.0,prod,0.0,2,2022-10-13,,,2022-10-03 22:00:00,False,not_freezed,1072NaT
117,,21393,2022-09-13 09:52:49.237995,2022-09-13 09:52:49.237995,Marwa,Marwa,False,,2022-09-13 09:52:49.248045,2022-09-13 09:52:49.248045,,2110,107,981235921,IS0028165M,107B-800VU-COA-40,KD,1,2022-10-12,2022-10-19,X,2022-10-25,15.0,None,A210702039,,20.71,4.0,prod,0.0,2,2022-10-25,,,2022-10-13 22:00:00,False,not_freezed,1072NaT
118,,21394,2022-09-13 09:52:49.237995,2022-09-13 09:52:49.237995,Marwa,Marwa,False,,2022-09-13 09:52:49.248045,2022-09-13 09:52:49.248045,,2110,107,981235922,IS0028165M,107B-800VU-COA-40,KD,1,2022-10-24,2022-10-31,X,2022-11-07,15.0,None,A210702040,,20.71,4.0,prod,0.0,2,2022-11-07,,,2022-10-25 22:00:00,False,not_freezed,1072NaT
119,,21395,2022-09-13 09:52:49.237995,2022-09-13 09:52:49.237995,Marwa,Marwa,False,,2022-09-13 09:52:49.248045,2022-09-13 09:52:49.248045,,2110,107,981235923,IS0028165M,107B-800VU-COA-40,KD,1,2022-11-03,2022-11-10,X,2022-11-17,15.0,None,A210702042,,20.71,4.0,prod,0.0,2,2022-11-17,,,2022-11-04 22:00:00,False,not_freezed,1072NaT
120,,21396,2022-09-13 09:52:49.237995,2022-09-13 09:52:49.237995,Marwa,Marwa,False,,2022-09-13 09:52:49.248045,2022-09-13 09:52:49.248045,,2110,107,981235953,IS0028108M,107A-800VU-COA-40,KD,1,2022-11-15,2022-11-22,X,2022-11-28,15.0,None,A110702043,,20.71,4.0,prod,0.0,2,2022-11-28,,,2022-11-16 22:00:00,False,not_freezed,1072NaT
121,,21397,2022-09-13 09:52:49.237995,2022-09-13 09:52:49.237995,Marwa,Marwa,False,,2022-09-13 09:52:49.248045,2022-09-13 09:52:49.248045,,2110,107,980941516,IS0028165M,107B-800VU-COA-40,KD,1,2022-11-25,2022-12-02,X,2022-12-07,15.0,None,A210702044,,20.71,4.0,prod,0.0,2,2022-12-07,,,2022-11-28 22:00:00,False,not_freezed,1072NaT
122,,21398,2022-09-13 09:52:49.237995,2022-09-13 09:52:49.237995,Marwa,Marwa,False,,2022-09-13 09:52:49.248045,2022-09-13 09:52:49.248045,,2110,107,981136487,IS0028165M,107B-800VU-COA-40,KD,1,2022-12-07,2022-12-14,X,2022-12-20,15.0,None,A210702045,,20.71,4.0,prod,0.0,2,2022-12-20,,,2022-12-08 22:00:00,False,not_freezed,1072NaT
123,,21399,2022-09-13 09:52:49.237995,2022-09-13 09:52:49.237995,Marwa,Marwa,False,,2022-09-13 09:52:49.248045,2022-09-13 09:52:49.248045,,2110,107,980941517,IS0028165M,107B-800VU-COA-40,KD,1,2022-12-19,2023-01-02,X,2023-01-05,15.0,None,A210702046,,20.71,4.0,prod,0.0,2,2023-01-05,,,2022-12-20 22:00:00,False,not_freezed,1072NaT
124,,21400,2022-09-13 09:52:49.237995,2022-09-13 09:52:49.237995,Marwa,Marwa,False,,2022-09-13 09:52:49.248045,2022-09-13 09:52:49.248045,,2110,107,980842110,IS0028165M,107B-800VU-COA-40,KD,1,2023-01-05,2023-01-12,X,2023-01-18,15.0,None,A210702047,,20.71,4.0,prod,0.0,2,2023-01-18,,,2023-01-06 22:00:00,False,not_freezed,1072NaT
125,,21401,2022-09-13 09:52:49.237995,2022-09-13 09:52:49.237995,Marwa,Marwa,False,,2022-09-13 09:52:49.248045,2022-09-13 09:52:49.248045,,2110,107,980842111,IS0028165M,107B-800VU-COA-40,KD,1,2023-01-17,2023-01-24,X,2023-01-27,15.0,None,A210702048,,20.71,4.0,prod,0.0,2,2023-01-27,,,2023-01-18 22:00:00,False,not_freezed,1072NaT
126,,21402,2022-09-13 09:52:49.237995,2022-09-13 09:52:49.237995,Marwa,Marwa,False,,2022-09-13 09:52:49.248045,2022-09-13 09:52:49.248045,,2110,107,980842112,IS0028165M,107B-800VU-COA-40,KD,1,2023-01-27,2023-02-03,X,2023-02-07,15.0,None,A210702049,,20.71,4.0,prod,0.0,2,2023-02-07,,,2023-01-30 22:00:00,False,not_freezed,1072NaT
127,,21403,2022-09-13 09:52:49.237995,2022-09-13 09:52:49.237995,Marwa,Marwa,False,,2022-09-13 09:52:49.248045,2022-09-13 09:52:49.248045,,2110,107,980842113,IS0028165M,107B-800VU-COA-40,KD,1,2023-02-08,2023-02-15,X,2023-02-16,15.0,None,A210702050,,20.71,4.0,prod,0.0,2,2023-02-16,,,2023-02-09 22:00:00,False,not_freezed,1072NaT
128,,21404,2022-09-13 09:52:49.237995,2022-09-13 09:52:49.237995,Marwa,Marwa,False,,2022-09-13 09:52:49.248045,2022-09-13 09:52:49.248045,,2110,107,980842114,IS0028165M,107B-800VU-COA-40,KD,1,2023-02-20,2023-02-27,X,2023-02-28,15.0,None,A210702051,,20.71,4.0,prod,0.0,2,2023-02-28,,,2023-02-21 22:00:00,False,not_freezed,1072NaT
129,,21405,2022-09-13 09:52:49.237995,2022-09-13 09:52:49.237995,Marwa,Marwa,False,,2022-09-13 09:52:49.248045,2022-09-13 09:52:49.248045,,2110,107,980842115,IS0028165M,107B-800VU-COA-40,KD,1,2023-03-02,2023-03-09,X,2023-03-13,15.0,None,A210702052,,20.71,4.0,prod,0.0,2,2023-03-13,,,2023-03-03 22:00:00,False,not_freezed,1072NaT
130,,21406,2022-09-13 09:52:49.237995,2022-09-13 09:52:49.237995,Marwa,Marwa,False,,2022-09-13 09:52:49.248045,2022-09-13 09:52:49.248045,,2110,107,980842116,IS0028165M,107B-800VU-COA-40,KD,1,2023-03-14,2023-03-22,X,2023-03-24,15.0,None,A210702053,,20.71,4.0,prod,0.0,2,2023-03-24,,,2023-03-15 22:00:00,False,not_freezed,1072NaT
131,,21407,2022-09-13 09:52:49.237995,2022-09-13 09:52:49.237995,Marwa,Marwa,False,,2022-09-13 09:52:49.248045,2022-09-13 09:52:49.248045,,2110,107,980842117,IS0028165M,107B-800VU-COA-40,KD,1,2023-03-27,2023-04-03,X,,,None,A210702054,,20.71,4.0,prod,0.0,2,2023-04-03,,,2023-03-28 22:00:00,False,not_freezed,1072NaT
132,,21408,2022-09-13 09:52:49.237995,2022-09-13 09:52:49.237995,Marwa,Marwa,False,,2022-09-13 09:52:49.248045,2022-09-13 09:52:49.248045,,2110,107,980842118,IS0028165M,107B-800VU-COA-40,KD,1,2023-04-06,2023-04-13,X,2023-04-14,15.0,None,A210702055,,20.71,4.0,prod,0.0,2,2023-04-14,,,1900-01-01,False,not_freezed,1072NaT
133,,21409,2022-09-13 09:52:49.237995,2022-09-13 09:52:49.237995,Marwa,Marwa,False,,2022-09-13 09:52:49.248045,2022-09-13 09:52:49.248045,,2110,107,980941518,IS0028165M,107B-800VU-COA-40,KD,1,2023-04-13,2023-04-24,None,,,None,A210702056,,20.71,4.0,prod,0.0,2,2023-04-24,,,1900-01-01,False,not_freezed,1072NaT
134,,21410,2022-09-13 09:52:49.237995,2022-09-13 09:52:49.237995,Marwa,Marwa,False,,2022-09-13 09:52:49.248045,2022-09-13 09:52:49.248045,,2110,107,980941519,IS0028165M,107B-800VU-COA-40,KD,1,2023-04-26,2023-05-04,None,,,None,A210702057,,20.71,4.0,prod,0.0,2,2023-05-04,,,1900-01-01,False,not_freezed,1072NaT
135,,21411,2022-09-13 09:52:49.237995,2022-09-13 09:52:49.237995,Marwa,Marwa,False,,2022-09-13 09:52:49.248045,2022-09-13 09:52:49.248045,,2110,107,980842121,IS0028165M,107B-800VU-COA-40,KD,1,2023-05-30,2023-06-06,None,,,None,A210702058,,20.71,4.0,prod,0.0,2,2023-06-06,,,1900-01-01,False,not_freezed,1072NaT
136,,21412,2022-09-13 09:52:49.237995,2022-09-13 09:52:49.237995,Marwa,Marwa,False,,2022-09-13 09:52:49.248045,2022-09-13 09:52:49.248045,,2110,107,982025058,IS0028165M,107B-800VU-COA-40,KD,1,2023-06-02,2023-06-09,None,,,None,A210702059,,20.71,4.0,prod,0.0,2,2023-06-09,,,1900-01-01,False,not_freezed,1072NaT
137,,21413,2022-09-13 09:52:49.237995,2022-09-13 09:52:49.237995,Marwa,Marwa,False,,2022-09-13 09:52:49.248045,2022-09-13 09:52:49.248045,,2110,107,981575280,IS0028108M,107A-800VU-COA-40,KD,1,2023-06-12,2023-06-19,None,,,None,A110702060,,20.71,4.0,prod,0.0,2,2023-06-19,,,1900-01-01,False,not_freezed,1072NaT
138,,21414,2022-09-13 09:52:49.237995,2022-09-13 09:52:49.237995,Marwa,Marwa,False,,2022-09-13 09:52:49.248045,2022-09-13 09:52:49.248045,,2110,107,981136488,IS0028165M,107B-800VU-COA-40,KD,1,2023-06-20,2023-06-27,None,,,None,A210702061,,20.71,4.0,prod,0.0,2,2023-06-27,,,1900-01-01,False,not_freezed,1072NaT
139,,21415,2022-09-13 09:52:49.237995,2022-09-13 09:52:49.237995,Marwa,Marwa,False,,2022-09-13 09:52:49.248045,2022-09-13 09:52:49.248045,,2110,107,981265155,IS0028165M,107B-800VU-COA-40,KD,1,2023-07-03,2023-07-10,None,,,None,A210702062,,20.71,4.0,prod,0.0,2,2023-07-10,,,1900-01-01,False,not_freezed,1072NaT
140,,21416,2022-09-13 09:52:49.237995,2022-09-13 09:52:49.237995,Marwa,Marwa,False,,2022-09-13 09:52:49.248045,2022-09-13 09:52:49.248045,,2110,107,981298383,IS0028165M,107B-800VU-COA-40,KD,1,2023-07-12,2023-07-20,None,,,None,A210702063,,20.71,4.0,prod,0.0,2,2023-07-20,,,1900-01-01,False,not_freezed,1072NaT
141,,21417,2022-09-13 09:52:49.237995,2022-09-13 09:52:49.237995,Marwa,Marwa,False,,2022-09-13 09:52:49.248045,2022-09-13 09:52:49.248045,,2110,107,981498470,IS0028165M,107B-800VU-COA-40,KD,1,2023-08-14,2023-08-21,None,,,None,A210702064,,20.71,4.0,prod,0.0,2,2023-08-21,,,1900-01-01,False,not_freezed,1072NaT
142,,21418,2022-09-13 09:52:49.237995,2022-09-13 09:52:49.237995,Marwa,Marwa,False,,2022-09-13 09:52:49.248045,2022-09-13 09:52:49.248045,,2110,107,981664824,IS0028165M,107B-800VU-COA-40,KD,1,2023-08-24,2023-08-31,None,,,None,A210702065,,20.71,4.0,prod,0.0,2,2023-08-31,,,1900-01-01,False,not_freezed,1072NaT
143,,21419,2022-09-13 09:52:49.237995,2022-09-13 09:52:49.237995,Marwa,Marwa,False,,2022-09-13 09:52:49.248045,2022-09-13 09:52:49.248045,,2110,107,981880020,IS0028165M,107B-800VU-COA-40,KD,1,2023-09-05,2023-09-12,None,,,None,A210702066,,20.71,4.0,prod,0.0,2,2023-09-12,,,1900-01-01,False,not_freezed,1072NaT
144,,21420,2022-09-13 09:52:49.237995,2022-09-13 09:52:49.237995,Marwa,Marwa,False,,2022-09-13 09:52:49.248045,2022-09-13 09:52:49.248045,,2110,107,982025059,IS0028165M,107B-800VU-COA-40,KD,1,2023-09-14,2023-09-21,None,,,None,A210702067,,20.71,4.0,prod,0.0,2,2023-09-21,,,1900-01-01,False,not_freezed,1072NaT
145,,21421,2022-09-13 09:52:49.237995,2022-09-13 09:52:49.237995,Marwa,Marwa,False,,2022-09-13 09:52:49.248045,2022-09-13 09:52:49.248045,,2110,107,982115293,IS0028108M,107A-800VU-COA-40,KD,1,2023-09-19,2023-09-26,None,,,None,A110702068,,20.71,4.0,prod,0.0,2,2023-09-26,,,1900-01-01,False,not_freezed,1072NaT
146,,21422,2022-09-13 09:52:49.237995,2022-09-13 09:52:49.237995,Marwa,Marwa,False,,2022-09-13 09:52:49.248045,2022-09-13 09:52:49.248045,,2110,107,982358336,IS0028165M,107B-800VU-COA-40,KD,1,2023-09-20,2023-09-28,None,,,None,A210702068,,20.71,4.0,prod,0.0,2,2023-09-28,,,1900-01-01,False,not_freezed,1072NaT
147,,21423,2022-09-13 09:52:49.237995,2022-09-13 09:52:49.237995,Marwa,Marwa,False,,2022-09-13 09:52:49.248045,2022-09-13 09:52:49.248045,,2110,107,982152234,IS0028165M,107B-800VU-COA-40,KD,1,2023-09-29,2023-10-06,None,,,None,A210702069,,20.71,4.0,prod,0.0,2,2023-10-06,,,1900-01-01,False,not_freezed,1072NaT
148,,21424,2022-09-13 09:52:49.237995,2022-09-13 09:52:49.237995,Marwa,Marwa,False,,2022-09-13 09:52:49.248045,2022-09-13 09:52:49.248045,,2110,107,982170617,IS0028165M,107B-800VU-COA-40,KD,1,2023-10-09,2023-10-16,None,,,None,A210702070,,20.71,4.0,prod,0.0,2,2023-10-16,,,1900-01-01,False,not_freezed,1072NaT
149,,21425,2022-09-13 09:52:49.237995,2022-09-13 09:52:49.237995,Marwa,Marwa,False,,2022-09-13 09:52:49.248045,2022-09-13 09:52:49.248045,,2110,107,982358337,IS0028165M,107B-800VU-COA-40,KD,1,2023-10-20,2023-10-27,None,,,None,A210702071,,20.71,4.0,prod,0.0,2,2023-10-27,,,1900-01-01,False,not_freezed,1072NaT
150,,21426,2022-09-13 09:52:49.237995,2022-09-13 09:52:49.237995,Marwa,Marwa,False,,2022-09-13 09:52:49.248045,2022-09-13 09:52:49.248045,,2110,107,982402700,IS0028108M,107A-800VU-COA-40,KD,1,2023-10-30,2023-11-06,None,,,None,A110702072,,20.71,4.0,prod,0.0,2,2023-11-06,,,1900-01-01,False,not_freezed,1072NaT
151,,21427,2022-09-13 09:52:49.237995,2022-09-13 09:52:49.237995,Marwa,Marwa,False,,2022-09-13 09:52:49.248045,2022-09-13 09:52:49.248045,,2110,107,982407369,IS0028165M,107B-800VU-COA-40,KD,1,2023-11-08,2023-11-15,None,,,None,A210702073,,20.71,4.0,prod,0.0,2,2023-11-15,,,1900-01-01,False,not_freezed,1072NaT
152,,21428,2022-09-13 09:52:49.237995,2022-09-13 09:52:49.237995,Marwa,Marwa,False,,2022-09-13 09:52:49.248045,2022-09-13 09:52:49.248045,,2110,107,982420459,IS0028165M,107B-800VU-COA-40,KD,1,2023-11-16,2023-11-23,None,,,None,A210702074,,20.71,4.0,prod,0.0,2,2023-11-23,,,1900-01-01,False,not_freezed,1072NaT
153,,21429,2022-09-13 09:52:49.237995,2022-09-13 09:52:49.237995,Marwa,Marwa,False,,2022-09-13 09:52:49.248045,2022-09-13 09:52:49.248045,,2110,107,982471562,IS0028165M,107B-800VU-COA-40,KD,1,2023-11-24,2023-12-01,None,,,None,A210702075,,20.71,4.0,prod,0.0,2,2023-12-01,,,1900-01-01,False,not_freezed,1072NaT
154,,21430,2022-09-13 09:52:49.237995,2022-09-13 09:52:49.237995,Marwa,Marwa,False,,2022-09-13 09:52:49.248045,2022-09-13 09:52:49.248045,,2110,177,3851808,IS0014648M,177A-915LR,YP04,1,2021-11-04,2021-11-08,None,,,TCLO IMPR CONF LIVR CCRP ARCO MMEf RIMP,A117702010,2021-11-04,123.493315543289,18.0,prod,0.0,3,2021-11-08,,,,True,not_freezed,1773NaT
155,,21431,2022-09-13 09:52:49.237995,2022-09-13 09:52:49.237995,Marwa,Marwa,False,,2022-09-13 09:52:49.248045,2022-09-13 09:52:49.248045,,2110,177,3852132,IS0014648M,177A-915LR,YP04,1,2021-11-11,2021-11-22,None,,,TCLO IPRP CONF LIVR CCRP ARCO MMEf RIMP,A117702009,2021-11-15,123.493315543289,18.0,prod,0.0,3,2021-11-22,,,,True,not_freezed,1773NaT
156,,21432,2022-09-13 09:52:49.237995,2022-09-13 09:52:49.237995,Marwa,Marwa,False,,2022-09-13 09:52:49.248045,2022-09-13 09:52:49.248045,,2110,177,3855092,IS0014648M,177A-915LR,YP04,1,2021-11-29,2021-11-30,None,,,TCLO IPRP CONF LIVR CCRP ARCO MMEf RIMP,A117702013,2021-11-29,123.493315543289,18.0,prod,0.0,3,2021-11-30,,,,True,not_freezed,1773NaT
157,,21433,2022-09-13 09:52:49.237995,2022-09-13 09:52:49.237995,Marwa,Marwa,False,,2022-09-13 09:52:49.248045,2022-09-13 09:52:49.248045,,2110,177,3862648,IS0014648M,177A-915LR,YP04,1,2021-12-22,2022-01-03,None,,,TCLO IMPR CONF LIVR CCRP MMEf PART RIMP,A117702014,2021-12-28,123.493315543289,18.0,prod,0.0,3,2022-01-03,,,,True,not_freezed,1773NaT
158,,21434,2022-09-13 09:52:49.237995,2022-09-13 09:52:49.237995,Marwa,Marwa,False,,2022-09-13 09:52:49.248045,2022-09-13 09:52:49.248045,,2110,177,3870136,IS0014648M,177A-915LR,YP04,1,2021-12-30,2022-01-03,None,,,TCLO IMPR CONF LIVR CCRP MMEf PART RIMP,A117702015,2021-12-30,123.493315543289,18.0,prod,0.0,3,2022-01-03,,,,True,not_freezed,1773NaT
159,,21435,2022-09-13 09:52:49.237995,2022-09-13 09:52:49.237995,Marwa,Marwa,False,,2022-09-13 09:52:49.248045,2022-09-13 09:52:49.248045,,2110,177,3882967,IS0014648M,177A-915LR,YP04,1,2022-01-17,2022-01-21,None,,,TCLO IMPR CONF LIVR CCRP ARCO MMEf RIMP,A117702016,2022-01-21,123.493315543289,18.0,prod,0.0,3,2022-01-21,,,,True,not_freezed,1773NaT
160,,21436,2022-09-13 09:52:49.237995,2022-09-13 09:52:49.237995,Marwa,Marwa,False,,2022-09-13 09:52:49.248045,2022-09-13 09:52:49.248045,,2110,177,3888657,IS0014648M,177A-915LR,YP04,1,2022-02-11,2022-02-11,None,,,TCLO IMPR CONF LIVR CCRP MMEf PART RIMP,A117702017,2022-02-14,123.493315543289,18.0,prod,0.0,3,2022-02-11,,,,True,not_freezed,1773NaT
161,,21437,2022-09-13 09:52:49.237995,2022-09-13 09:52:49.237995,Marwa,Marwa,False,,2022-09-13 09:52:49.248045,2022-09-13 09:52:49.248045,,2110,177,6001371,IS0014648M,177A-915LR,YP04,1,2022-02-25,2022-02-25,None,,,TCLO IMPR CONF LIVR CCRP MMEf PART RIMP,A117702018,2022-02-28,123.493315543289,18.0,prod,0.0,3,2022-02-25,,,,True,not_freezed,1773NaT
162,,21438,2022-09-13 09:52:49.237995,2022-09-13 09:52:49.237995,Marwa,Marwa,False,,2022-09-13 09:52:49.248045,2022-09-13 09:52:49.248045,,2110,177,6008370,IS0014648M,177A-915LR,YP04,1,2022-03-07,2022-03-10,None,,,TCLO IMPR CONF LIVR CCRP ARCO MMEf RIMP,A117702019,2022-03-09,123.493315543289,18.0,prod,0.0,3,2022-03-10,,,,True,not_freezed,1773NaT
163,,21439,2022-09-13 09:52:49.237995,2022-09-13 09:52:49.237995,Marwa,Marwa,False,,2022-09-13 09:52:49.248045,2022-09-13 09:52:49.248045,,2110,177,6016024,IS0014648M,177A-915LR,YP04,1,2022-03-21,2022-03-24,None,,,TCLO IMPR CONF LIVR CCRP ARCO MMEf RIMP,A117702020,2022-03-28,123.493315543289,18.0,prod,0.0,3,2022-03-24,,,,True,not_freezed,1773NaT
164,,21440,2022-09-13 09:52:49.237995,2022-09-13 09:52:49.237995,Marwa,Marwa,False,,2022-09-13 09:52:49.248045,2022-09-13 09:52:49.248045,,2110,177,6023522,IS0014648M,177A-915LR,YP04,1,2022-04-01,2022-04-05,None,,,TCLO IMPR CONF LIVR CCRP ARCO MMEf RIMP,A117702021,2022-04-04,123.493315543289,18.0,prod,0.0,3,2022-04-05,,,,True,not_freezed,1773NaT
165,,21441,2022-09-13 09:52:49.237995,2022-09-13 09:52:49.237995,Marwa,Marwa,False,,2022-09-13 09:52:49.248045,2022-09-13 09:52:49.248045,,2110,177,6033309,IS0014648M,177A-915LR,YP04,1,2022-04-12,2022-04-13,None,,,TCLO IMPR CONF LIVR CCRP ARCO MMEf RIMP,A117702022,2022-04-14,123.493315543289,18.0,prod,0.0,3,2022-04-13,,,,True,not_freezed,1773NaT
166,,21442,2022-09-13 09:52:49.237995,2022-09-13 09:52:49.237995,Marwa,Marwa,False,,2022-09-13 09:52:49.248045,2022-09-13 09:52:49.248045,,2110,177,6037974,IS0014648M,177A-915LR,YP04,1,2022-05-02,2022-05-02,None,,,TCLO IMPR CONF LIVR CCRP ARCO MMEf RIMP,A117702023,2022-04-28,123.493315543289,18.0,prod,0.0,3,2022-05-02,,,,True,not_freezed,1773NaT
167,,21443,2022-09-13 09:52:49.237995,2022-09-13 09:52:49.237995,Marwa,Marwa,False,,2022-09-13 09:52:49.248045,2022-09-13 09:52:49.248045,,2110,177,6037975,IS0014648M,177A-915LR,YP04,1,2022-05-23,2022-05-23,None,,,TCLO IMPR CONF LIVR CCRP ARCO MMEf RIMP,A117702024,2022-05-23,123.493315543289,18.0,prod,0.0,3,2022-05-23,,,,True,not_freezed,1773NaT
168,,21444,2022-09-13 09:52:49.237995,2022-09-13 09:52:49.237995,Marwa,Marwa,False,,2022-09-13 09:52:49.248045,2022-09-13 09:52:49.248045,,2110,177,6051612,IS0014648M,177A-915LR,YP04,1,2022-05-30,2022-05-30,None,,,TCLO IMPR CONF LIVR CCRP ARCO MMEf RIMP,A117702025,2022-05-26,123.493315543289,18.0,prod,0.0,3,2022-05-30,,,,True,not_freezed,1773NaT
169,,21445,2022-09-13 09:52:49.237995,2022-09-13 09:52:49.237995,Marwa,Marwa,False,,2022-09-13 09:52:49.248045,2022-09-13 09:52:49.248045,,2110,177,6065467,IS0014648M,177A-915LR,YP04,1,2022-06-03,2022-06-07,None,,,TCLO IMPR CONF LIVR CCRP ARCO MMEf RIMP,A117702026,2022-06-07,123.493315543289,18.0,prod,0.0,3,2022-06-07,,,,True,not_freezed,1773NaT
170,,21446,2022-09-13 09:52:49.237995,2022-09-13 09:52:49.237995,Marwa,Marwa,False,,2022-09-13 09:52:49.248045,2022-09-13 09:52:49.248045,,2110,177,6077092,IS0014648M,177A-915LR,YP04,1,2022-06-20,2022-06-21,None,,,TCLO ARTM IMPR CONF LIVR CCRP MMEf RIMP,A117702028,2022-06-21,123.493315543289,18.0,prod,0.0,3,2022-06-21,,,,True,not_freezed,1773NaT
171,,21447,2022-09-13 09:52:49.237995,2022-09-13 09:52:49.237995,Marwa,Marwa,False,,2022-09-13 09:52:49.248045,2022-09-13 09:52:49.248045,,2110,177,6084041,IS0014648M,177A-915LR,YP04,1,2022-08-08,2022-08-10,None,,,TCLO ARTM IMPR CONF LIVR CCRP MMEf RIMP,A117702030,2022-08-09,123.493315543289,18.0,prod,0.0,3,2022-08-10,,,,True,not_freezed,1773NaT
172,,21448,2022-09-13 09:52:49.237995,2022-09-13 09:52:49.237995,Marwa,Marwa,False,,2022-09-13 09:52:49.248045,2022-09-13 09:52:49.248045,,2110,177,6087845,IS0014648M,177A-915LR,YP04,1,2022-08-22,2022-08-24,None,,,TCLO IMPR CONF LIVR CCRP ARCO MMEf RIMP,A117702029,2022-08-24,123.493315543289,18.0,prod,0.0,3,2022-08-24,,,,True,not_freezed,1773NaT
173,,21449,2022-09-13 09:52:49.237995,2022-09-13 09:52:49.237995,Marwa,Marwa,False,,2022-09-13 09:52:49.248045,2022-09-13 09:52:49.248045,,2110,177,6098303,IS0014648M,177A-915LR,YP04,1,2022-09-08,2022-09-14,None,2022-09-02,10.0,LANC ARTM IMPR CCRP RIMP,A117702031,,123.493315543289,18.0,prod,0.0,3,2022-09-02,2022-09-14 06:00:00,,2022-09-14 06:00:00,False,Freezed,17732022-09-14 06:00:00
174,,21450,2022-09-13 09:52:49.237995,2022-09-13 09:52:49.237995,Marwa,Marwa,False,,2022-09-13 09:52:49.248045,2022-09-13 09:52:49.248045,,2110,177,6098304,IS0014648M,177A-915LR,YP04,1,2022-09-19,2022-09-26,None,2022-09-13,10.0,LANC ARTM IMPR CCRP RIMP,A117702032,,123.493315543289,18.0,prod,0.0,3,2022-09-13,,,2022-09-23 09:12:00,False,not_freezed,1773NaT
175,,21451,2022-09-13 09:52:49.237995,2022-09-13 09:52:49.237995,Marwa,Marwa,False,,2022-09-13 09:52:49.248045,2022-09-13 09:52:49.248045,,2110,177,980824321,IS0014648M,177A-915LR,KD,1,2022-09-20,2022-09-21,X,2022-09-23,15.0,None,A117702033,,123.493315543289,18.0,prod,0.0,3,2022-09-23,,,2022-10-04 12:12:00,False,not_freezed,1773NaT
176,,21452,2022-09-13 09:52:49.237995,2022-09-13 09:52:49.237995,Marwa,Marwa,False,,2022-09-13 09:52:49.248045,2022-09-13 09:52:49.248045,,2110,177,980824322,IS0014648M,177A-915LR,KD,1,2022-09-29,2022-09-30,X,2022-10-10,15.0,None,A117702034,,123.493315543289,18.0,prod,0.0,3,2022-10-10,,,2022-10-13 15:12:00,False,not_freezed,1773NaT
177,,21453,2022-09-13 09:52:49.237995,2022-09-13 09:52:49.237995,Marwa,Marwa,False,,2022-09-13 09:52:49.248045,2022-09-13 09:52:49.248045,,2110,177,980824324,IS0014648M,177A-915LR,KD,1,2022-10-11,2022-10-12,X,2022-10-19,15.0,None,A117702036,,123.493315543289,18.0,prod,0.0,3,2022-10-19,,,2022-10-24 18:12:00,False,not_freezed,1773NaT
178,,21454,2022-09-13 09:52:49.237995,2022-09-13 09:52:49.237995,Marwa,Marwa,False,,2022-09-13 09:52:49.248045,2022-09-13 09:52:49.248045,,2110,177,980824323,IS0014648M,177A-915LR,KD,1,2022-10-20,2022-10-21,X,2022-10-20,10.0,None,A117702035,,123.493315543289,18.0,prod,0.0,3,2022-10-20,,,2022-11-02 21:12:00,False,not_freezed,1773NaT
179,,21455,2022-09-13 09:52:49.237995,2022-09-13 09:52:49.237995,Marwa,Marwa,False,,2022-09-13 09:52:49.248045,2022-09-13 09:52:49.248045,,2110,177,980824325,IS0014648M,177A-915LR,KD,1,2022-10-31,2022-11-01,X,2022-11-10,15.0,None,A117702037,,123.493315543289,18.0,prod,0.0,3,2022-11-10,,,2022-11-14 08:12:00,False,not_freezed,1773NaT
180,,21456,2022-09-13 09:52:49.237995,2022-09-13 09:52:49.237995,Marwa,Marwa,False,,2022-09-13 09:52:49.248045,2022-09-13 09:52:49.248045,,2110,177,980824326,IS0014648M,177A-915LR,KD,1,2022-11-09,2022-11-10,X,2022-11-21,15.0,None,A117702038,,123.493315543289,18.0,prod,0.0,3,2022-11-21,,,2022-11-23 11:12:00,False,not_freezed,1773NaT
181,,21457,2022-09-13 09:52:49.237995,2022-09-13 09:52:49.237995,Marwa,Marwa,False,,2022-09-13 09:52:49.248045,2022-09-13 09:52:49.248045,,2110,177,980824327,IS0014648M,177A-915LR,KD,1,2022-11-18,2022-11-21,X,2022-12-05,15.0,None,A117702039,,123.493315543289,18.0,prod,0.0,3,2022-12-05,,,2022-12-02 14:12:00,False,not_freezed,1773NaT
182,,21458,2022-09-13 09:52:49.237995,2022-09-13 09:52:49.237995,Marwa,Marwa,False,,2022-09-13 09:52:49.248045,2022-09-13 09:52:49.248045,,2110,177,980824328,IS0014648M,177A-915LR,KD,1,2022-11-30,2022-12-01,X,2022-12-21,15.0,None,A117702040,,123.493315543289,18.0,prod,0.0,3,2022-12-21,,,2022-12-13 17:12:00,False,not_freezed,1773NaT
183,,21459,2022-09-13 09:52:49.237995,2022-09-13 09:52:49.237995,Marwa,Marwa,False,,2022-09-13 09:52:49.248045,2022-09-13 09:52:49.248045,,2110,177,980824329,IS0014648M,177A-915LR,KD,1,2022-12-09,2022-12-12,X,2022-12-30,15.0,None,A117702042,,123.493315543289,18.0,prod,0.0,3,2022-12-30,,,2022-12-22 20:12:00,False,not_freezed,1773NaT
184,,21460,2022-09-13 09:52:49.237995,2022-09-13 09:52:49.237995,Marwa,Marwa,False,,2022-09-13 09:52:49.248045,2022-09-13 09:52:49.248045,,2110,177,980824330,IS0014648M,177A-915LR,KD,1,2022-12-20,2022-12-21,X,2023-01-10,15.0,None,A117702043,,123.493315543289,18.0,prod,0.0,3,2023-01-10,,,1900-01-01,False,not_freezed,1773NaT
185,,21461,2022-09-13 09:52:49.237995,2022-09-13 09:52:49.237995,Marwa,Marwa,False,,2022-09-13 09:52:49.248045,2022-09-13 09:52:49.248045,,2110,177,980824331,IS0014648M,177A-915LR,KD,1,2023-01-05,2023-01-06,X,2023-01-19,15.0,None,A117702044,,123.493315543289,18.0,prod,0.0,3,2023-01-19,,,1900-01-01,False,not_freezed,1773NaT
186,,21462,2022-09-13 09:52:49.237995,2022-09-13 09:52:49.237995,Marwa,Marwa,False,,2022-09-13 09:52:49.248045,2022-09-13 09:52:49.248045,,2110,177,980824332,IS0014648M,177A-915LR,KD,1,2023-01-16,2023-01-17,X,2023-01-31,15.0,None,A117702045,,123.493315543289,18.0,prod,0.0,3,2023-01-31,,,1900-01-01,False,not_freezed,1773NaT
187,,21463,2022-09-13 09:52:49.237995,2022-09-13 09:52:49.237995,Marwa,Marwa,False,,2022-09-13 09:52:49.248045,2022-09-13 09:52:49.248045,,2110,177,980824333,IS0014648M,177A-915LR,KD,1,2023-01-26,2023-01-27,X,2023-02-09,15.0,None,A117702046,,123.493315543289,18.0,prod,0.0,3,2023-02-09,,,1900-01-01,False,not_freezed,1773NaT
188,,21464,2022-09-13 09:52:49.237995,2022-09-13 09:52:49.237995,Marwa,Marwa,False,,2022-09-13 09:52:49.248045,2022-09-13 09:52:49.248045,,2110,177,980824334,IS0014648M,177A-915LR,KD,1,2023-02-17,2023-02-20,None,,,None,A117702047,,123.493315543289,18.0,prod,0.0,3,2023-02-20,,,1900-01-01,False,not_freezed,1773NaT
189,,21465,2022-09-13 09:52:49.237995,2022-09-13 09:52:49.237995,Marwa,Marwa,False,,2022-09-13 09:52:49.248045,2022-09-13 09:52:49.248045,,2110,177,980824335,IS0014648M,177A-915LR,KD,1,2023-02-28,2023-03-01,None,,,None,A117702048,,123.493315543289,18.0,prod,0.0,3,2023-03-01,,,1900-01-01,False,not_freezed,1773NaT
190,,21466,2022-09-13 09:52:49.237995,2022-09-13 09:52:49.237995,Marwa,Marwa,False,,2022-09-13 09:52:49.248045,2022-09-13 09:52:49.248045,,2110,177,980824336,IS0014648M,177A-915LR,KD,1,2023-03-08,2023-03-09,None,,,None,A117702049,,123.493315543289,18.0,prod,0.0,3,2023-03-09,,,1900-01-01,False,not_freezed,1773NaT
191,,21467,2022-09-13 09:52:49.237995,2022-09-13 09:52:49.237995,Marwa,Marwa,False,,2022-09-13 09:52:49.248045,2022-09-13 09:52:49.248045,,2110,177,980824337,IS0014648M,177A-915LR,KD,1,2023-03-17,2023-03-21,None,,,None,A117702050,,123.493315543289,18.0,prod,0.0,3,2023-03-21,,,1900-01-01,False,not_freezed,1773NaT
192,,21468,2022-09-13 09:52:49.237995,2022-09-13 09:52:49.237995,Marwa,Marwa,False,,2022-09-13 09:52:49.248045,2022-09-13 09:52:49.248045,,2110,177,980824338,IS0014648M,177A-915LR,KD,1,2023-03-31,2023-04-03,None,,,None,A117702051,,123.493315543289,18.0,prod,0.0,3,2023-04-03,,,1900-01-01,False,not_freezed,1773NaT
193,,21469,2022-09-13 09:52:49.237995,2022-09-13 09:52:49.237995,Marwa,Marwa,False,,2022-09-13 09:52:49.248045,2022-09-13 09:52:49.248045,,2110,177,980824339,IS0014648M,177A-915LR,KD,1,2023-04-11,2023-04-12,None,,,None,A117702052,,123.493315543289,18.0,prod,0.0,3,2023-04-12,,,1900-01-01,False,not_freezed,1773NaT
194,,21470,2022-09-13 09:52:49.237995,2022-09-13 09:52:49.237995,Marwa,Marwa,False,,2022-09-13 09:52:49.248045,2022-09-13 09:52:49.248045,,2110,177,980824340,IS0014648M,177A-915LR,KD,1,2023-04-28,2023-05-02,None,,,None,A117702053,,123.493315543289,18.0,prod,0.0,3,2023-05-02,,,1900-01-01,False,not_freezed,1773NaT
195,,21471,2022-09-13 09:52:49.237995,2022-09-13 09:52:49.237995,Marwa,Marwa,False,,2022-09-13 09:52:49.248045,2022-09-13 09:52:49.248045,,2110,177,980824341,IS0014648M,177A-915LR,KD,1,2023-05-09,2023-05-10,None,,,None,A117702054,,123.493315543289,18.0,prod,0.0,3,2023-05-10,,,1900-01-01,False,not_freezed,1773NaT
196,,21472,2022-09-13 09:52:49.237995,2022-09-13 09:52:49.237995,Marwa,Marwa,False,,2022-09-13 09:52:49.248045,2022-09-13 09:52:49.248045,,2110,177,980824342,IS0014648M,177A-915LR,KD,1,2023-05-22,2023-05-23,None,,,None,A117702055,,123.493315543289,18.0,prod,0.0,3,2023-05-23,,,1900-01-01,False,not_freezed,1773NaT
197,,21473,2022-09-13 09:52:49.237995,2022-09-13 09:52:49.237995,Marwa,Marwa,False,,2022-09-13 09:52:49.248045,2022-09-13 09:52:49.248045,,2110,177,980824343,IS0014648M,177A-915LR,KD,1,2023-05-30,2023-05-31,None,,,None,A117702056,,123.493315543289,18.0,prod,0.0,3,2023-05-31,,,1900-01-01,False,not_freezed,1773NaT
198,,21474,2022-09-13 09:52:49.237995,2022-09-13 09:52:49.237995,Marwa,Marwa,False,,2022-09-13 09:52:49.248045,2022-09-13 09:52:49.248045,,2110,177,980824344,IS0014648M,177A-915LR,KD,1,2023-06-08,2023-06-09,None,,,None,A117702057,,123.493315543289,18.0,prod,0.0,3,2023-06-09,,,1900-01-01,False,not_freezed,1773NaT
199,,21475,2022-09-13 09:52:49.237995,2022-09-13 09:52:49.237995,Marwa,Marwa,False,,2022-09-13 09:52:49.248045,2022-09-13 09:52:49.248045,,2110,177,980824345,IS0014648M,177A-915LR,KD,1,2023-06-21,2023-06-22,None,,,None,A117702058,,123.493315543289,18.0,prod,0.0,3,2023-06-22,,,1900-01-01,False,not_freezed,1773NaT
200,,21476,2022-09-13 09:52:49.237995,2022-09-13 09:52:49.237995,Marwa,Marwa,False,,2022-09-13 09:52:49.248045,2022-09-13 09:52:49.248045,,2110,177,980824346,IS0014648M,177A-915LR,KD,1,2023-07-11,2023-07-12,None,,,None,A117702059,,123.493315543289,18.0,prod,0.0,3,2023-07-12,,,1900-01-01,False,not_freezed,1773NaT
201,,21477,2022-09-13 09:52:49.237995,2022-09-13 09:52:49.237995,Marwa,Marwa,False,,2022-09-13 09:52:49.248045,2022-09-13 09:52:49.248045,,2110,177,981573626,IS0014648M,177A-915LR,KD,1,2023-07-21,2023-08-14,None,,,None,A117702060,,123.493315543289,18.0,prod,0.0,3,2023-08-14,,,1900-01-01,False,not_freezed,1773NaT
202,,21478,2022-09-13 09:52:49.237995,2022-09-13 09:52:49.237995,Marwa,Marwa,False,,2022-09-13 09:52:49.248045,2022-09-13 09:52:49.248045,,2110,177,980987853,IS0014648M,177A-915LR,KD,1,2023-08-22,2023-08-23,None,,,None,A117702061,,123.493315543289,18.0,prod,0.0,3,2023-08-23,,,1900-01-01,False,not_freezed,1773NaT
203,,21479,2022-09-13 09:52:49.237995,2022-09-13 09:52:49.237995,Marwa,Marwa,False,,2022-09-13 09:52:49.248045,2022-09-13 09:52:49.248045,,2110,177,981130985,IS0014648M,177A-915LR,KD,1,2023-08-31,2023-09-01,None,,,None,A117702062,,123.493315543289,18.0,prod,0.0,3,2023-09-01,,,1900-01-01,False,not_freezed,1773NaT
204,,21480,2022-09-13 09:52:49.237995,2022-09-13 09:52:49.237995,Marwa,Marwa,False,,2022-09-13 09:52:49.248045,2022-09-13 09:52:49.248045,,2110,177,981204959,IS0014648M,177A-915LR,KD,1,2023-09-08,2023-09-11,None,,,None,A117702063,,123.493315543289,18.0,prod,0.0,3,2023-09-11,,,1900-01-01,False,not_freezed,1773NaT
205,,21481,2022-09-13 09:52:49.237995,2022-09-13 09:52:49.237995,Marwa,Marwa,False,,2022-09-13 09:52:49.248045,2022-09-13 09:52:49.248045,,2110,177,981298062,IS0014648M,177A-915LR,KD,1,2023-09-19,2023-09-20,None,,,None,A117702064,,123.493315543289,18.0,prod,0.0,3,2023-09-20,,,1900-01-01,False,not_freezed,1773NaT
206,,21482,2022-09-13 09:52:49.237995,2022-09-13 09:52:49.237995,Marwa,Marwa,False,,2022-09-13 09:52:49.248045,2022-09-13 09:52:49.248045,,2110,177,981573627,IS0014648M,177A-915LR,KD,1,2023-10-02,2023-10-03,None,,,None,A117702065,,123.493315543289,18.0,prod,0.0,3,2023-10-03,,,1900-01-01,False,not_freezed,1773NaT
207,,21483,2022-09-13 09:52:49.237995,2022-09-13 09:52:49.237995,Marwa,Marwa,False,,2022-09-13 09:52:49.248045,2022-09-13 09:52:49.248045,,2110,177,981661921,IS0014648M,177A-915LR,KD,1,2023-10-12,2023-10-13,None,,,None,A117702066,,123.493315543289,18.0,prod,0.0,3,2023-10-13,,,1900-01-01,False,not_freezed,1773NaT
208,,21484,2022-09-13 09:52:49.237995,2022-09-13 09:52:49.237995,Marwa,Marwa,False,,2022-09-13 09:52:49.248045,2022-09-13 09:52:49.248045,,2110,177,981702434,IS0014648M,177A-915LR,KD,1,2023-10-24,2023-10-25,None,,,None,A117702067,,123.493315543289,18.0,prod,0.0,3,2023-10-25,,,1900-01-01,False,not_freezed,1773NaT
209,,21485,2022-09-13 09:52:49.237995,2022-09-13 09:52:49.237995,Marwa,Marwa,False,,2022-09-13 09:52:49.248045,2022-09-13 09:52:49.248045,,2110,177,982024679,IS0014648M,177A-915LR,KD,1,2023-11-02,2023-11-03,None,,,None,A117702068,,123.493315543289,18.0,prod,0.0,3,2023-11-03,,,1900-01-01,False,not_freezed,1773NaT
210,,21486,2022-09-13 09:52:49.237995,2022-09-13 09:52:49.237995,Marwa,Marwa,False,,2022-09-13 09:52:49.248045,2022-09-13 09:52:49.248045,,2110,177,982045488,IS0014648M,177A-915LR,KD,1,2023-11-10,2023-11-13,None,,,None,A117702069,,123.493315543289,18.0,prod,0.0,3,2023-11-13,,,1900-01-01,False,not_freezed,1773NaT
211,,21487,2022-09-13 09:52:49.237995,2022-09-13 09:52:49.237995,Marwa,Marwa,False,,2022-09-13 09:52:49.248045,2022-09-13 09:52:49.248045,,2110,177,982111961,IS0014648M,177A-915LR,KD,1,2023-11-20,2023-11-21,None,,,None,A117702070,,123.493315543289,18.0,prod,0.0,3,2023-11-21,,,1900-01-01,False,not_freezed,1773NaT
212,,21488,2022-09-13 09:52:49.237995,2022-09-13 09:52:49.237995,Marwa,Marwa,False,,2022-09-13 09:52:49.248045,2022-09-13 09:52:49.248045,,2110,177,982351953,IS0014648M,177A-915LR,KD,1,2023-12-08,2023-12-11,None,,,None,A117702071,,123.493315543289,18.0,prod,0.0,3,2023-12-11,,,1900-01-01,False,not_freezed,1773NaT
213,,21489,2022-09-13 09:52:49.237995,2022-09-13 09:52:49.237995,Marwa,Marwa,False,,2022-09-13 09:52:49.248045,2022-09-13 09:52:49.248045,,2110,177,982351954,IS0014648M,177A-915LR,KD,1,2023-12-18,2023-12-19,None,,,None,A117702072,,123.493315543289,18.0,prod,0.0,3,2023-12-19,,,1900-01-01,False,not_freezed,1773NaT
214,,21490,2022-09-13 09:52:49.237995,2022-09-13 09:52:49.237995,Marwa,Marwa,False,,2022-09-13 09:52:49.248045,2022-09-13 09:52:49.248045,,2110,177,982391054,IS0014648M,177A-915LR,KD,1,2023-12-26,2023-12-27,None,,,None,A117702073,,123.493315543289,18.0,prod,0.0,3,2023-12-27,,,1900-01-01,False,not_freezed,1773NaT
215,,21491,2022-09-13 09:52:49.237995,2022-09-13 09:52:49.237995,Marwa,Marwa,False,,2022-09-13 09:52:49.248045,2022-09-13 09:52:49.248045,,2110,177,982406563,IS0014648M,177A-915LR,KD,1,2024-01-04,2024-01-05,None,,,None,A117702074,,123.493315543289,18.0,prod,0.0,3,2024-01-05,,,1900-01-01,False,not_freezed,1773NaT
216,,21492,2022-09-13 09:52:49.237995,2022-09-13 09:52:49.237995,Marwa,Marwa,False,,2022-09-13 09:52:49.248045,2022-09-13 09:52:49.248045,,2110,177,982417926,IS0014648M,177A-915LR,KD,1,2024-01-12,2024-01-15,None,,,None,A117702075,,123.493315543289,18.0,prod,0.0,3,2024-01-15,,,1900-01-01,False,not_freezed,1773NaT
217,,21493,2022-09-13 09:52:49.237995,2022-09-13 09:52:49.237995,Marwa,Marwa,False,,2022-09-13 09:52:49.248045,2022-09-13 09:52:49.248045,,2110,177,982471524,IS0014648M,177A-915LR,KD,1,2024-01-23,2024-01-24,None,,,None,A117702076,,123.493315543289,18.0,prod,0.0,3,2024-01-24,,,1900-01-01,False,not_freezed,1773NaT
218,,21494,2022-09-13 09:52:49.237995,2022-09-13 09:52:49.237995,Marwa,Marwa,False,,2022-09-13 09:52:49.248045,2022-09-13 09:52:49.248045,,2110,177,982524741,IS0014648M,177A-915LR,KD,1,2024-01-31,2024-02-01,None,,,None,A117702077,,123.493315543289,18.0,prod,0.0,3,2024-02-01,,,1900-01-01,False,not_freezed,1773NaT
